Type of Incident,Frequency,rNIBRS Group,rNIBRS Crime Category,Has_victim
ABANDON/ENDANGER CHILD CRIMINAL NEGLIGENCE,1,B,"FAMILY OFFENSES, NONVIOLENT",1
ABANDON/ENDANGER CHILD CRIMINAL NEGLIGENCE - FAMILY/GUARDIAN,3,B,"FAMILY OFFENSES, NONVIOLENT",1
ABANDON/ENDANGER CHILD IMM DANGER BOD INJ - FAMILY/GUARDIAN,1,B,"FAMILY OFFENSES, NONVIOLENT",1
ABANDON/ENDANGER CHILD WITH INTENT TO RETURN,1,B,"FAMILY OFFENSES, NONVIOLENT",1
ABANDON/ENDANGER CHILD WITH INTENT TO RETURN - FAMILY/GUARDIAN,1,B,"FAMILY OFFENSES, NONVIOLENT",1
ABANDON/ENDANGER CHILD-IMMINENT DANGER B.INJURY,2,B,"FAMILY OFFENSES, NONVIOLENT",1
ABANDONED PROPERTY (NO OFFENSE),21235,C,MISCELLANEOUS,0
ABUSE OF CORPSE,15,B,ALL OTHER OFFENSES,0
ABUSIVE/SILENT CALL/ELECTR COMM TO 911 SERVICE  PC 42.061(d),50,B,ALL OTHER OFFENSES,0
ABUSIVE/SILENT CALLS TO 911 SERVICE,41,B,ALL OTHER OFFENSES,0
ACCIDENT INV DAMAGE TO VEHICLE <$200,822,C,MISCELLANEOUS,1
ACCIDENT INVOLVING DEATH,49,A,HOMICIDE OFFENSES,1
ACCIDENT INVOLVING INJURY,1211,A,ASSAULT OFFENSES,1
ACCIDENT INVOLVING SERIOUS BODILY INJURY,239,A,ASSAULT OFFENSES,1
ACCIDENTAL DEATH (NO OFFENSE),934,C,MISCELLANEOUS,1
AIRPLANE CRASH (NO INJURIES OR DEATH INVOLVED),1,C,MISCELLANEOUS,0
ALARM INCIDENT REPORT (NO OFFENSE),6459,B,ALL OTHER OFFENSES,0
ALARM INCIDENT REPORT (WITH OFFENSE),60,B,ALL OTHER OFFENSES,0
APOWW (SOCIAL SERVICES REFERRAL),4599,C,MISCELLANEOUS,0
ARSON -(W BODILY INJURY OR DEATH) -ALL OTH STRUCT-UNINHAB,1,A,ARSON,1
ARSON -(W BODILY INJURY OR DEATH) -COM/PUBLIC - UNINHAB,1,A,ARSON,1
ARSON -(W BODILY INJURY OR DEATH) -OTH COMM - UNINHAB,1,A,ARSON,1
ARSON -(W BODILY INJURY OR DEATH) -OTH MOBILE PROPERTY,1,A,ARSON,1
ARSON -(W BODILY INJURY OR DEATH) -SINGLE RES UNINHAB,3,A,ARSON,1
ARSON -(W BODILY INJURY OR DEATH)-ALL OTH STRUCT - INHABIT,1,A,ARSON,1
ARSON -(W BODILY INJURY OR DEATH)-OTH COMM-INHABITED,1,A,ARSON,1
ARSON -(W BODILY INJURY OR DEATH)-OTH RESDE-UNINHABITED,3,A,ARSON,1
ARSON -(W BODILY INJURY OR DEATH)-SINGLE RES-INHABITED,12,A,ARSON,1
ARSON -(WITH BODILY INJURY OR DEATH) - ALL OTHERS,1,A,ARSON,1
ARSON -(WITH BODILY INJURY OR DEATH) - MOTOR VEH,1,A,ARSON,1
ARSON -ALL OTHER STRUCTURES - INHABITED,105,A,ARSON,1
ARSON -ALL OTHER STRUCTURES - UNINHABITED,107,A,ARSON,1
ARSON -ALL OTHERS,104,A,ARSON,1
ARSON -COMMUNITY/PUBLIC - INHABITED,9,A,ARSON,1
ARSON -COMMUNITY/PUBLIC - UNINHABITED,6,A,ARSON,1
ARSON -INDUSTRIAL/MANUFACTURING - UNINHABITED,1,A,ARSON,1
ARSON INTEND DAMAGE HABITAT/PLACE OF WORSHIP,13,A,ARSON,1
ARSON -MOTOR VEH,669,A,ARSON,1
ARSON -OTHER COMMERCIAL - INHABITED,29,A,ARSON,1
ARSON -OTHER COMMERCIAL - UNINHABITED,33,A,ARSON,1
ARSON -OTHER MOBILE PROPERTY,14,A,ARSON,1
ARSON -OTHER RESIDENCE - UNINHABITED,31,A,ARSON,1
ARSON -OTHER RESIDENCE INHABITED,93,A,ARSON,1
ARSON -SINGLE RESIDENCE INHABITED,115,A,ARSON,1
ARSON -SINGLE RESIDENCE UNINHABITED,98,A,ARSON,1
ARSON -STORAGE - INHABITED,4,A,ARSON,1
ARSON -STORAGE - UNINHABITED,15,A,ARSON,1
ARSON W/MAN OR ATT MAN CONT SUB DMGE BLDG/HAB/VEG,1,A,ARSON,1
ASSAULT - PRELIMINARY INVESTIGATION *NON FAMILY VIOLENCE,2149,A,ASSAULT OFFENSES,1
ASSAULT (AGG) - PRELIMINARY INVESTIGATION *NON FAMILY VIOLENCE,1060,A,ASSAULT OFFENSES,1
ASSAULT (AGG) -(SBI) - TRAFFIC - RECKLESS DRIVING,3,A,ASSAULT OFFENSES,1
ASSAULT (AGG) -AGAINST SECURITY OFF (AGG),174,A,ASSAULT OFFENSES,1
ASSAULT (AGG) -BY PUBLIC SERVANT (AGG),12,A,ASSAULT OFFENSES,1
ASSAULT (AGG) -DEADLY WEAPON,11383,A,ASSAULT OFFENSES,1
ASSAULT (AGG) -DISCH FIREARM  OCC BLDG/HOUSE/VEH (AGG),1207,A,ASSAULT OFFENSES,1
ASSAULT (AGG) -EMS PER PROVIDE SERVICE - SER BODY INJ,3,A,ASSAULT OFFENSES,1
ASSAULT (AGG) FAM VIO DEADLY WEAPON- NO SBI,48,A,ASSAULT OFFENSES,1
ASSAULT (AGG) FAM VIO IMPED BREATH/CIRC LOSS OF CON,7,A,ASSAULT OFFENSES,1
ASSAULT (AGG) FAM VIO SBI,14,A,ASSAULT OFFENSES,1
ASSAULT (AGG) -FAM VIO W/WEAPON (AGG),56,A,ASSAULT OFFENSES,1
ASSAULT (AGG) FAM VIOL-DISC FIREARM OCC BLDG/HOUSE/VEH,3,A,ASSAULT OFFENSES,1
ASSAULT (AGG) -GOVERN CONTRACTOR OR EMP VIC - SBI,1,A,ASSAULT OFFENSES,1
ASSAULT (AGG) -OF SECURITY OFF - SERIOUS BODILY INJURY,10,A,ASSAULT OFFENSES,1
ASSAULT (AGG) -PUB SERV (NON LAW ENF) - SER BODY INJURY,4,A,ASSAULT OFFENSES,1
"ASSAULT (AGG) -PUBLIC SERVANT - (AGG, NON LAW ENF)",29,A,ASSAULT OFFENSES,1
ASSAULT (AGG) -RETALIATION (AGG),18,A,ASSAULT OFFENSES,1
ASSAULT (AGG) -SERIOUS BODILY INJURY,1814,A,ASSAULT OFFENSES,1
ASSAULT -BODILY INJURY ONLY,12472,A,ASSAULT OFFENSES,1
ASSAULT -ELD OR DISABLED VIC -BODILY INJURY ONLY,235,A,ASSAULT OFFENSES,1
ASSAULT -ELD OR DISABLED VIC -OFFENSIVE CONTACT,91,A,ASSAULT OFFENSES,1
ASSAULT -ELD OR DISABLED VIC -THREATS,22,A,ASSAULT OFFENSES,1
ASSAULT -EMS PERSONNEL PROVIDING SER - BODILY INJURY ONLY,20,A,ASSAULT OFFENSES,1
ASSAULT -FAM VIO ELD OR DISABLED VIC -BODILY INJURY ONLY,8,A,ASSAULT OFFENSES,1
ASSAULT -FAM VIO ELD OR DISABLED VIC -OFFENSIVE CONTACT,1,A,ASSAULT OFFENSES,1
ASSAULT -FAM VIO ELD OR DISABLED VIC -THREATS,1,A,ASSAULT OFFENSES,1
"ASSAULT -FAM VIO PREV CONV, IMPED BREATH/CIRC-NO LOSS OF CON PC 22.01(B)(1))",15,A,ASSAULT OFFENSES,1
ASSAULT -FAM VIOL THREA,206,A,ASSAULT OFFENSES,1
ASSAULT -GOVT CONTR OR EMP VIC - BODILY INJURY ONLY,2,A,ASSAULT OFFENSES,1
ASSAULT -OF CORRECTIONAL OFFICER - BODILY INJURY ONLY,2,A,ASSAULT OFFENSES,1
ASSAULT -OF SECURITY OFFICER - BODILY INJURY ONLY,197,A,ASSAULT OFFENSES,1
ASSAULT -OFFENSIVE CONTACT,13535,A,ASSAULT OFFENSES,1
ASSAULT ON PUBLIC SERVANT - PRELIMINARY INVESTIGATION,1,A,ASSAULT OFFENSES,1
ASSAULT ON PUBLIC SERVANT (AGG) - PRELIMINARY INVESTIGATION,4,A,ASSAULT OFFENSES,1
ASSAULT -PUB SERV (LAW ENF) - BODILY INJURY ONLY,27,A,ASSAULT OFFENSES,1
ASSAULT -PUB SERV (NON LAW ENF) - BODILY INJURY ONLY,71,A,ASSAULT OFFENSES,1
ASSAULT -PUB SERV (PEACE OFFICER/JUDGE),29,A,ASSAULT OFFENSES,1
ASSAULT -SPORTS PARTICIPANT VICTIM,6,A,ASSAULT OFFENSES,1
ASSAULT -VERBAL THREAT,5665,A,ASSAULT OFFENSES,1
ATTACK BY DANGEROUS DOG,1158,B,ALL OTHER OFFENSES,1
ATTACK BY DOG DEATH,2,B,ALL OTHER OFFENSES,1
ATTACK BY DOG SBI,93,B,ALL OTHER OFFENSES,1
BESTIALITY - PRELIMINARY INVESTIGATION,1,B,ANIMAL OFFENSES,1
BIGAMY,9,B,ALL OTHER OFFENSES,0
BMV,86473,A,BURGLARY/ BREAKING & ENTERING,1
BMV - PRELIMINARY INVESTIGATION,628,A,BURGLARY/ BREAKING & ENTERING,1
BMV (ATT),435,A,BURGLARY/ BREAKING & ENTERING,1
BMV (ATT) (OF AUTO ACCESSORY) (P.C. 30.04(A)),52,A,BURGLARY/ BREAKING & ENTERING,1
BMV (ENCLOSED RAIL CAR) - FORCED ENTRY,6,A,BURGLARY/ BREAKING & ENTERING,1
BMV (ENCLOSED RAIL CAR) - NO FORCED ENTRY,2,A,BURGLARY/ BREAKING & ENTERING,1
BMV (OF AUTO ACCESSORY) (P.C. 30.04(A)),5135,A,BURGLARY/ BREAKING & ENTERING,1
"BMV <$1,500  2/MORE PREV CONV- (NOT EMPLOYEE)",163,A,BURGLARY/ BREAKING & ENTERING,1
"BMV <$1,500 2/MORE PREV CONV- (BY EMPLOYEE",1,A,BURGLARY/ BREAKING & ENTERING,1
BRIBERY,7,A,BRIBERY,1
BURGLARY - PRELIMINARY INVESTIGATION,1382,A,BURGLARY/ BREAKING & ENTERING,1
BURGLARY OF A COIN OPERATED MACHINE,536,A,BURGLARY/ BREAKING & ENTERING,1
BURGLARY OF BUILDING - FORCED ENTRY,22560,A,BURGLARY/ BREAKING & ENTERING,1
BURGLARY OF BUILDING - NO FORCED ENTRY,5102,A,BURGLARY/ BREAKING & ENTERING,1
BURGLARY OF BUILDING (ATT),301,A,BURGLARY/ BREAKING & ENTERING,1
BURGLARY OF HABITATION - FORCED ENTRY,25314,A,BURGLARY/ BREAKING & ENTERING,1
BURGLARY OF HABITATION (ATT),831,A,BURGLARY/ BREAKING & ENTERING,1
BURGLARY OF HABITATION INTEND TO COMMIT AGG ASSAULT,68,A,BURGLARY/ BREAKING & ENTERING,1
BURGLARY OF HABITATION INTEND TO COMMIT ROBBERY,43,A,BURGLARY/ BREAKING & ENTERING,1
BURGLARY OF HABITATION INTEND TO COMMIT SIMPLE ASSAULT,201,A,BURGLARY/ BREAKING & ENTERING,1
BURGLARY OF HABITATION -NO FORCED ENTRY,13178,A,BURGLARY/ BREAKING & ENTERING,1
CAPITAL MURDER BY TERROR THREAT/OTHER FELONY,114,A,HOMICIDE OFFENSES,1
CAPITAL MURDER OF MULTIPLE PERSONS,30,A,HOMICIDE OFFENSES,1
CAPITAL MURDER WHILE REMUNERATION,1,A,HOMICIDE OFFENSES,1
COCKFIGHTING: SPACE/OWNS/TRAINS/EQUIPS,5,A,ANIMAL OFFENSES,0
COERCION OF PUBLIC SERVANT/VOTER THREAT OF FELONY,1,A,ASSAULT OFFENSES,1
COMPUTER SECURITY BREACH,20,A,FRAUD OFFENSES,1
COMPUTER SECURITY BREACH < AGGREGATE $100,3,A,FRAUD OFFENSES,1
"COMPUTER SECURITY BREACH > OR EQUAL $2,500 < $30K",1,A,FRAUD OFFENSES,1
COMPUTER SECURITY BREACH > OR EQUAL $30K < $150K,1,A,FRAUD OFFENSES,1
COMPUTER SECURITY BREACH >$300,1,A,FRAUD OFFENSES,1
COMPUTER SECURITY BREACH >OR EQUAL TO $100 BUT <$750,1,A,FRAUD OFFENSES,1
COMPUTER SECURITY BREACH >OR EQUAL TO $150K BUT <$300K,1,A,FRAUD OFFENSES,1
COMPUTER SECURITY BREACH >OR EQUAL TO $750 BUT <$2500,1,A,FRAUD OFFENSES,1
COMPUTER SECURITY BREACH IDENT INFO FROM 1 COMP,1,A,FRAUD OFFENSES,1
CONSUME ON PREMISES PROHIBITED,1,B,LIQUOR LAW VIOLATIONS,0
CONTINUOUS VIOLENCE AGAINST THE FAMILY,5,A,ASSAULT OFFENSES,1
CREDIT CARD OR DEBIT CARD ABUSE,2058,A,FRAUD OFFENSES,1
CREDIT CARD OR DEBIT CARD ABUSE - PRELIMINARY INVESTIGATION,1915,A,FRAUD OFFENSES,1
CREDIT CARD OR DEBIT CARD ABUSE ELDERLY,166,A,FRAUD OFFENSES,1
CRIM MISCHIEF $1500  BUT < $20K DESTROY SCHOOL,12,A,DESTRUCTION/ DAMAGE/ VANDALISM OF PROPERTY,0
"CRIM MISCHIEF < $2,500 HABITATION W/FA/EXPLOS",10,A,DESTRUCTION/ DAMAGE/ VANDALISM OF PROPERTY,0
"CRIM MISCHIEF < $2,500 LS/GAME ANIM FENCE",1,A,DESTRUCTION/ DAMAGE/ VANDALISM OF PROPERTY,0
CRIM MISCHIEF < $50,1123,A,DESTRUCTION/ DAMAGE/ VANDALISM OF PROPERTY,0
CRIM MISCHIEF <$100,6965,A,DESTRUCTION/ DAMAGE/ VANDALISM OF PROPERTY,0
CRIM MISCHIEF <$1500 HABITATION FA/EXPLOS,12,A,DESTRUCTION/ DAMAGE/ VANDALISM OF PROPERTY,0
CRIM MISCHIEF <$2500 HABITATION FA/EXPLOS,13,A,DESTRUCTION/ DAMAGE/ VANDALISM OF PROPERTY,0
CRIM MISCHIEF <$2500 LS/GAME ANIM FENCE,1,A,DESTRUCTION/ DAMAGE/ VANDALISM OF PROPERTY,0
"CRIM MISCHIEF > OR EQUAL $1,500 BUT < $20K",1484,A,DESTRUCTION/ DAMAGE/ VANDALISM OF PROPERTY,0
CRIM MISCHIEF > OR EQUAL $100 < $750,19604,A,DESTRUCTION/ DAMAGE/ VANDALISM OF PROPERTY,0
CRIM MISCHIEF > OR EQUAL $100K BUT < $200K,7,A,DESTRUCTION/ DAMAGE/ VANDALISM OF PROPERTY,0
CRIM MISCHIEF > OR EQUAL $150K < $300K,23,A,DESTRUCTION/ DAMAGE/ VANDALISM OF PROPERTY,0
"CRIM MISCHIEF > OR EQUAL $2,500 < $30K",3115,A,DESTRUCTION/ DAMAGE/ VANDALISM OF PROPERTY,0
CRIM MISCHIEF > OR EQUAL $200K,5,A,DESTRUCTION/ DAMAGE/ VANDALISM OF PROPERTY,0
CRIM MISCHIEF > OR EQUAL $20K BUT < $100K,26,A,DESTRUCTION/ DAMAGE/ VANDALISM OF PROPERTY,0
CRIM MISCHIEF > OR EQUAL $300K,15,A,DESTRUCTION/ DAMAGE/ VANDALISM OF PROPERTY,0
CRIM MISCHIEF > OR EQUAL $30K < $150K,41,A,DESTRUCTION/ DAMAGE/ VANDALISM OF PROPERTY,0
CRIM MISCHIEF > OR EQUAL $50 BUT < $500,8114,A,DESTRUCTION/ DAMAGE/ VANDALISM OF PROPERTY,0
"CRIM MISCHIEF > OR EQUAL $500 BUT < $1,500",3261,A,DESTRUCTION/ DAMAGE/ VANDALISM OF PROPERTY,0
CRIM MISCHIEF > OR EQUAL $750 < $30K DESTROY SCHOOL,19,A,DESTRUCTION/ DAMAGE/ VANDALISM OF PROPERTY,0
CRIM MISCHIEF >$750  BUT <$30K DESTROY SCHOOL,9,A,DESTRUCTION/ DAMAGE/ VANDALISM OF PROPERTY,0
CRIM MISCHIEF >OR EQUAL $100 BUT <$750,16360,A,DESTRUCTION/ DAMAGE/ VANDALISM OF PROPERTY,0
CRIM MISCHIEF >OR EQUAL $150K BUT <$300K,11,A,DESTRUCTION/ DAMAGE/ VANDALISM OF PROPERTY,0
"CRIM MISCHIEF >OR EQUAL $2,500 BUT <$30K",1557,A,DESTRUCTION/ DAMAGE/ VANDALISM OF PROPERTY,0
CRIM MISCHIEF >OR EQUAL $300K,3,A,DESTRUCTION/ DAMAGE/ VANDALISM OF PROPERTY,0
CRIM MISCHIEF >OR EQUAL $30K BUT <$150K,28,A,DESTRUCTION/ DAMAGE/ VANDALISM OF PROPERTY,0
"CRIM MISCHIEF >OR EQUAL $750 < $2,500",7672,A,DESTRUCTION/ DAMAGE/ VANDALISM OF PROPERTY,0
"CRIM MISCHIEF >OR EQUAL $750 BUT <$2,500",4834,A,DESTRUCTION/ DAMAGE/ VANDALISM OF PROPERTY,0
CRIM MISCHIEF DAMAGE/DESTR WORSHIP/SCHOOL,105,A,DESTRUCTION/ DAMAGE/ VANDALISM OF PROPERTY,0
CRIM MISCHIEF IMP/INT PUB SERVICE < $30K,11,A,DESTRUCTION/ DAMAGE/ VANDALISM OF PROPERTY,0
"CRIM MISCHIEF IMP/INT PUB SERVICE <$20,000",28,A,DESTRUCTION/ DAMAGE/ VANDALISM OF PROPERTY,0
"CRIM MISCHIEF IMP/INT PUB SERVICE <$30,000",10,A,DESTRUCTION/ DAMAGE/ VANDALISM OF PROPERTY,0
CRIM MISCHIEF IMPAIR/INTERRUPT PUB SERVICE,123,A,DESTRUCTION/ DAMAGE/ VANDALISM OF PROPERTY,0
CRIM MISCHIEF -PRELIMINARY INVESTIGATION,720,A,DESTRUCTION/ DAMAGE/ VANDALISM OF PROPERTY,0
CRIM MISCHIEF TRANS/COMM EQUIP/DEV < $150K,3,A,DESTRUCTION/ DAMAGE/ VANDALISM OF PROPERTY,0
"CRIM MISCHIEF TRANS/COMM EQUIP/DEV <$100,000",3,A,DESTRUCTION/ DAMAGE/ VANDALISM OF PROPERTY,0
"CRIM MISCHIEF TRANS/COMM EQUIP/DEV <$150,000",2,A,DESTRUCTION/ DAMAGE/ VANDALISM OF PROPERTY,0
CRIMINAL ATTEMPT,14,B,ALL OTHER OFFENSES,1
CRIMINAL CONSPIRACY,1,B,ALL OTHER OFFENSES,1
CRIMINAL MISCHIEF > OR EQUAL $30K<$150K,73,A,DESTRUCTION/ DAMAGE/ VANDALISM OF PROPERTY,0
CRIMINAL NEGLIGENT HOMICIDE,89,A,HOMICIDE OFFENSES,1
CRIMINAL SIMULATION,16,A,COUNTERFEITING / FORGERY,1
CRIMINAL SOLICITATION,1,B,ALL OTHER OFFENSES,0
CRIMINAL TRESPASS,6658,A,BURGLARY/ BREAKING & ENTERING,1
CRIMINAL TRESPASS - RESID LAND W/IN 100FT PROTECTED WATER,6,A,BURGLARY/ BREAKING & ENTERING,1
CRIMINAL TRESPASS AFFIDAVIT,2482,A,BURGLARY/ BREAKING & ENTERING,1
CRIMINAL TRESPASS- AGRICULTURAL LAND W/IN 100FT OF BOUNDARY,2,A,BURGLARY/ BREAKING & ENTERING,1
CRIMINAL TRESPASS HAB/DEADLY WEAP/INFRASTRUC,296,A,BURGLARY/ BREAKING & ENTERING,1
CRIMINAL TRESPASS HABIT/SHLTR/SUPRFUND/INFSTRT,220,A,BURGLARY/ BREAKING & ENTERING,1
CRIMINAL TRESPASS INST HIGH EDU PREV CONV IAT,1,A,BURGLARY/ BREAKING & ENTERING,1
CRIMINAL TRESPASS WARNING,20912,A,BURGLARY/ BREAKING & ENTERING,1
CRIMINAL TRESPASS WDEADLY WEAPON,4,A,BURGLARY/ BREAKING & ENTERING,1
CRUELTY NON-LIVESTK ANIM:FIGHT/LURE,2,A,ANIMAL OFFENSES,0
CRUELTY NON-LIVESTK ANIM:TORTURE/KILL/POISON/SBI,152,A,ANIMAL OFFENSES,0
CRUELTY NON-LIVESTK ANIM:TORTURE/KILL/POISON/SBI PREV CONV,2,A,ANIMAL OFFENSES,0
CRUELTY NON-LIVESTOCK ANIMALS - PRELIMINARY INVESTIGATION,205,A,ANIMAL OFFENSES,0
CRUELTY TO LIVESTK ANIM FAIL TO PROVIDE,18,A,ANIMAL OFFENSES,0
CRUELTY TO LIVESTK ANIM TORTURE,10,A,ANIMAL OFFENSES,0
CRUELTY TO LIVESTK ANIM: FAILURE TO PROVIDE FOR,17,A,ANIMAL OFFENSES,0
CRUELTY TO LIVESTK ANIM-FAIL TO PROVIDE-W/2 PREV CON,1,A,ANIMAL OFFENSES,0
CRUELTY TO LIVESTK ANIM-TORTURE,33,A,ANIMAL OFFENSES,0
CRUELTY TO LIVESTOCK ANIM NEGLECT/OVERWORK,1,A,ANIMAL OFFENSES,0
CRUELTY TO LIVESTOCK ANIMALS - PRELIMINARY INVESTIGATION,14,A,ANIMAL OFFENSES,0
CRUELTY TO NON-LIVESTOCK ANIMALS FAILURE TO PROVIDE FOR,215,A,ANIMAL OFFENSES,0
CRUELTY TO NON-LIVESTOCK ANIMALS TORTURE,180,A,ANIMAL OFFENSES,0
CRUELTY TO NON-LIVESTOCK ANIMALS: FAILURE TO PROVIDE FOR,325,A,ANIMAL OFFENSES,0
CRUELTY TO NON-LIVESTOCK ANIMAL-TORTURE,288,A,ANIMAL OFFENSES,0
CRUELTY TO NON-LIVESTOCK ANMLS FAIL PROV/ABDN/TRNSPT/BI/OVWK,127,A,ANIMAL OFFENSES,0
CRUELTY TO NON-LVSTK ANMLS FAIL PROV/ABDN/TRNSPT/BI/OVWK 2 CV,4,A,ANIMAL OFFENSES,0
CURFEW VIOLATION,1,B,ALL OTHER OFFENSES,0
DEADLY CONDUCT,3976,A,ASSAULT OFFENSES,1
DEADLY CONDUCT DISCHARGE FIREARM,904,A,ASSAULT OFFENSES,1
DEADLY CONDUCT-FAM VIOL-DISCHARGE FIREARM,1,A,ASSAULT OFFENSES,1
DEADLY CONDUCT-PRELIMINARY INVESTIGATION,276,A,ASSAULT OFFENSES,1
DECEPTIVE BUS PRACTICE W/PREV CONV/INTEN/KNOW/REC,1,A,FRAUD OFFENSES,1
DECEPTIVE BUSINESS PRACTICE,31,A,FRAUD OFFENSES,1
DECEPTIVE BUSINESS PRACTICE-CRIM NEG,3,A,FRAUD OFFENSES,1
DECEPTIVE TRADE PRACTICE,20,A,FRAUD OFFENSES,1
DECEPTIVELY SIMILAR REGISTRATION INSIGNIA (MAN/SELL),1,B,ALL OTHER OFFENSES,1
DELIVERY MARIJUANA < OR EQUAL 1/4 OZ,72,A,DRUG/ NARCOTIC VIOLATIONS,0
DELIVERY MARIJUANA < OR EQUAL 1/4 OZ *DRUG FREE ZONE*,10,A,DRUG/ NARCOTIC VIOLATIONS,0
DELIVERY MARIJUANA < OR EQUAL 1/4 OZ REMUN *DRUG FREE ZONE*,11,A,DRUG/ NARCOTIC VIOLATIONS,0
DELIVERY MARIJUANA < OR EQUAL 1/4 OZ REMUNERATION,27,A,DRUG/ NARCOTIC VIOLATIONS,0
DELIVERY MARIJUANA >1/4 OZ< OR EQUAL 5LBS,40,A,DRUG/ NARCOTIC VIOLATIONS,0
DELIVERY MARIJUANA >1/4 OZ< OR EQUAL 5LBS *DRUG FREE ZONE*,12,A,DRUG/ NARCOTIC VIOLATIONS,0
"DELIVERY MARIJUANA >50LBS< OR EQUAL 2,000LBS",1,A,DRUG/ NARCOTIC VIOLATIONS,0
DELIVERY MARIJUANA >5LBS< OR EQUAL 50LBS,1,A,DRUG/ NARCOTIC VIOLATIONS,0
DESECRATION OF CEMETERY,1,B,ALL OTHER OFFENSES,0
DISCHARGE FIREARM IN CERTAIN MUNICIPALITIES,1067,A,WEAPON LAW VIOLATIONS,1
DISORDERLY CONDUCT,606,B,DISORDERLY CONDUCT,1
DISORDERLY CONDUCT - PEEPING TOM,14,B,DISORDERLY CONDUCT,1
DISORDERLY CONDUCT +3 PRIORS,1,B,DISORDERLY CONDUCT,1
DISORDERLY CONDUCT DISCHARGE/DISPLAY FIREARM,312,A,WEAPON LAW VIOLATIONS,1
DISRUPT MEETING OR PROCESSION,2,B,DISORDERLY CONDUCT,1
DOG BITE - INJURED PERSON,1333,A,ANIMAL OFFENSES,1
DOG FIGHTING -,7,A,ANIMAL OFFENSES,1
DOG FIGHTING - PRELIMINARY INVESTIGATION,1,A,ANIMAL OFFENSES,1
DRIVING UNDER INFLUENCE MINOR 3RD-ENH,3,B,DRIVING UNDER THE INFLUENCE,0
DUTY ON STRIKE UNATTENDED (PARKED) VEHICLE,1501,C,MISCELLANEOUS,1
DWI,4765,B,DRIVING UNDER THE INFLUENCE,0
DWI 1 PREV CONV,910,B,DRIVING UNDER THE INFLUENCE,0
DWI 2 OR MORE PREV CONV,481,B,DRIVING UNDER THE INFLUENCE,0
DWI BAC > OR EQUAL TO 0.15,315,B,DRIVING UNDER THE INFLUENCE,0
DWI W/CHILD UNDER 15 YOA,12,B,DRIVING UNDER THE INFLUENCE,0
DWI W/OPEN CONTAINER,478,B,DRIVING UNDER THE INFLUENCE,0
DWI W/PREV INTOXICATED MANSLAUGHTER CONVICTION,1,B,DRIVING UNDER THE INFLUENCE,0
ELECTR DATA TAMPER FRAUD/HARM > OR EQUAL $30K<$150K IAT,1,A,FRAUD OFFENSES,1
ELECTRONIC ACCESS INTERFERENCE,1,A,FRAUD OFFENSES,1
ENGAGING IN ORGANIZED CRIMINAL ACTIVITY F1,5,B,ALL OTHER OFFENSES,1
ENGAGING IN ORGANIZED CRIMINAL ACTIVITY F2,1,B,ALL OTHER OFFENSES,1
ENGAGING IN ORGANIZED CRIMINAL ACTIVITY F3,7,B,ALL OTHER OFFENSES,1
ENGAGING IN ORGANIZED CRIMINAL ACTIVITY FS,6,B,ALL OTHER OFFENSES,1
ENGAGING IN ORGANIZED CRIMINAL ACTIVITY MA,1,B,ALL OTHER OFFENSES,1
ENGAGING IN ORGANIZED CRIMINAL ACTIVITY MB,3,B,ALL OTHER OFFENSES,1
ESCAPE FROM CUSTODY,22,B,ALL OTHER OFFENSES,0
ESCAPE WHILE ARRESTED/CONFINED FELONY,9,B,ALL OTHER OFFENSES,0
EVADING ARREST DET TIRE DEFLA DEV AGAINST OFFICER PC 38.04(b2C),3,B,ALL OTHER OFFENSES,0
EVADING ARREST DET W/VEH W/ PREV CONV OR S.B.I.,21,B,ALL OTHER OFFENSES,0
"EVADING ARREST DET W/VEH/WTRCFT W/PREV CONV OR SBI PC38.04(b2A,B)",32,B,ALL OTHER OFFENSES,0
EVADING ARREST DETENTION,1669,B,ALL OTHER OFFENSES,0
EVADING ARREST DETENTION CAUSE SBI PC38.04(b2B),6,B,ALL OTHER OFFENSES,0
EVADING ARREST DETENTION CAUSING DEATH,2,A,HOMICIDE OFFENSES,1
EVADING ARREST DETENTION W/PREV CONVICTION,82,B,ALL OTHER OFFENSES,0
EVADING ARREST DETENTION W/PREV CONVICTION PC38.04(b1),246,B,ALL OTHER OFFENSES,0
EVADING ARREST DETENTION W/VEH,294,B,ALL OTHER OFFENSES,0
EVADING ARREST DETENTION W/VEH OR WATERCRAFT,100,B,ALL OTHER OFFENSES,0
EVADING ARREST DETENTION W/VEHICHLE PC38.04(b)(2)(A),104,B,ALL OTHER OFFENSES,0
EVADING ARREST DETENTION W/VEHICLE PC38.04(b)(2)(A),1092,B,ALL OTHER OFFENSES,0
FAIL TO COMPLY SEX OFFENDERS DUTY TO REGISTER 10YRS,16,B,ALL OTHER OFFENSES,0
FAIL TO COMPLY SEX OFFENDERS DUTY TO REGISTER LIFE/90 DAY (CCCP 62.102(B)(3)),11,B,ALL OTHER OFFENSES,0
FAIL TO COMPLY SEX OFFENDERS DUTY TO REGISTER LIFE/ANNUALLY,62,B,ALL OTHER OFFENSES,0
FAIL TO COMPLY SEX OFFENDERS DUTY TO REGISTER W/PREV CONV,69,B,ALL OTHER OFFENSES,0
FAIL TO ID -FUGITIVE FROM JUSTICE,36,B,ALL OTHER OFFENSES,0
FAIL TO ID -FUGITIVE INTENT GIVE FALSE INFO,86,A,FRAUD OFFENSES,1
FAIL TO ID -GIVING FALSE/FICTITIOUS INFO PC 38.02(c)(2),485,A,FRAUD OFFENSES,1
FAIL TO ID -REFUSES TO PROVIDE INFO,119,B,ALL OTHER OFFENSES,0
FAIL TO LEAVE ID AT SCENE OF ACCIDENT DAMAGE < $200,1733,B,ALL OTHER OFFENSES,0
FAILURE TO REPORT FELONY,1,B,ALL OTHER OFFENSES,0
FALSE ALARM OR REPORT,237,B,ALL OTHER OFFENSES,0
FALSE ALARM OR REPORT EMERGENCY,51,B,ALL OTHER OFFENSES,0
FALSE ID AS POLICE OFFICER,3,A,FRAUD OFFENSES,1
FALSE OR FORGERY STATMENT VEHICLE REGISTRATION,2,A,COUNTERFEITING / FORGERY,0
FALSE REPORT REGARDING MISSING CHILD OR MISSING PERSON,1,A,COUNTERFEITING / FORGERY,0
FALSE REPORT TO POLICE OFFICER/LAW ENFORCE EMPL,61,A,COUNTERFEITING / FORGERY,0
FALSE STATEMENT FOR PROPERTY/CREDIT $100 < $750,3,A,FRAUD OFFENSES,1
FALSE STATEMENT FOR PROPERTY/CREDIT $1500 < $20K,18,A,FRAUD OFFENSES,1
FALSE STATEMENT FOR PROPERTY/CREDIT $200K,1,A,FRAUD OFFENSES,1
FALSE STATEMENT FOR PROPERTY/CREDIT $20K < $100K,21,A,FRAUD OFFENSES,1
FALSE STATEMENT FOR PROPERTY/CREDIT $2500 < $30K,78,A,FRAUD OFFENSES,1
FALSE STATEMENT FOR PROPERTY/CREDIT $30K < $150K,53,A,FRAUD OFFENSES,1
FALSE STATEMENT FOR PROPERTY/CREDIT $50 < $500,4,A,FRAUD OFFENSES,1
FALSE STATEMENT FOR PROPERTY/CREDIT $500 < $1500,5,A,FRAUD OFFENSES,1
FALSE STATEMENT FOR PROPERTY/CREDIT $750 < $2500,10,A,FRAUD OFFENSES,1
FALSE STATEMENT FOR PROPERTY/CREDIT < $100,3,A,FRAUD OFFENSES,1
FALSE STATEMENT FOR PROPERTY/CREDIT > $100 < $750 PC 32.32(c2),9,A,FRAUD OFFENSES,1
FALSE STATEMENT FOR PROPERTY/CREDIT > $150K < $300K PC32.32(c6),5,A,FRAUD OFFENSES,1
FALSE STATEMENT FOR PROPERTY/CREDIT > $300K PC32.32(c7),1,A,FRAUD OFFENSES,1
FALSE STATEMENT FOR PROPERTY/CREDIT > $30K < $150K PC32.32(c5),113,A,FRAUD OFFENSES,1
"FALSE STATEMENT FOR PROPERTY/CREDIT > $750 < $2,500 PC32.32(c3)",28,A,FRAUD OFFENSES,1
FALSE STATEMENT FOR PROPERTY/CREDIT >$300K,5,A,FRAUD OFFENSES,1
"FALSE STATEMENT FOR PROPERTY/CREDIT> $2,500 < $30K PC32.32(c4)",177,A,FRAUD OFFENSES,1
FICTITIOUS LICENSE PLATE,55,A,FRAUD OFFENSES,1
FIREWORKS REGULATIONS,2,B,ALL OTHER OFFENSES,0
FLEEING POLICE OFFICER,120,B,ALL OTHER OFFENSES,0
FLEEING POLICE OFFICER IMMINENT DANGER SBI,7,B,ALL OTHER OFFENSES,0
FORGERY FINANCIAL INSTR > OR EQUAL $100<$750 ELDERLY ENH IAT,1,A,COUNTERFEITING / FORGERY,1
FORGERY FINANCIAL INSTR > OR EQUAL $2500<$30K ELDERLY ENH IAT,5,A,COUNTERFEITING / FORGERY,1
FORGERY FINANCIAL INSTR > OR EQUAL $750<$2500 ELDERLY ENH IAT,2,A,COUNTERFEITING / FORGERY,1
FORGERY FINANCIAL INSTRUMENT,2486,A,COUNTERFEITING / FORGERY,1
FORGERY FINANCIAL INSTRUMENT > OR EQUAL $100<$750 IAT,31,A,COUNTERFEITING / FORGERY,1
FORGERY FINANCIAL INSTRUMENT > OR EQUAL $2500<$30K IAT,35,A,COUNTERFEITING / FORGERY,1
FORGERY FINANCIAL INSTRUMENT > OR EQUAL $30K<$150K IAT,2,A,COUNTERFEITING / FORGERY,1
FORGERY FINANCIAL INSTRUMENT > OR EQUAL $750<$2500 IAT,29,A,COUNTERFEITING / FORGERY,1
FORGERY FINANCIAL INSTRUMENT ELDERLY,69,A,COUNTERFEITING / FORGERY,1
FORGERY FINANCIAL INSTRUMENT ELDERLY ENH IAT,1,A,COUNTERFEITING / FORGERY,1
FORGERY GOVT/NATION INST/MONEY/SECURITY ELDER,68,A,COUNTERFEITING / FORGERY,1
FORGERY GOVT/NATIONAL INST/MONEY/SEC ELDERLY ENH IAT,2,A,COUNTERFEITING / FORGERY,1
FORGERY GOVT/NATIONAL INST/MONEY/SECURITY,868,A,COUNTERFEITING / FORGERY,1
FORGERY- PRELIMINARY INVESTIGATION,523,A,COUNTERFEITING / FORGERY,1
FORGERY TO DEFRAUD OR HARM ELDERLY,86,A,COUNTERFEITING / FORGERY,1
FORGERY TO DEFRAUD OR HARM OF ANOTHER,505,A,COUNTERFEITING / FORGERY,1
FORGING OR ALTERING PRESCRIPTION,102,A,COUNTERFEITING / FORGERY,0
FORGING OR ALTERING PRESCRIPTION ENH,1,A,COUNTERFEITING / FORGERY,0
FOUND PROPERTY (NO OFFENSE),27978,C,MISCELLANEOUS,1
FRAUD DEL CS/PRESCRIPTION SCH II/SCRIPT FORM,22,A,FRAUD OFFENSES,1
"FRAUD DEL CS/PRESCRIPTION SCH III,IV,V",22,A,FRAUD OFFENSES,1
FRAUD DELIVERS PRESCRIPTION FORMS SCHEDULE II CONT SUBS,10,A,FRAUD OFFENSES,1
"FRAUD DELIVERS PRESCRIPTION FORMS SCHEDULE LLL,LV,V",15,A,FRAUD OFFENSES,1
FRAUD DESTROY REMOVAL CONCEALMENT WRITING,100,A,FRAUD OFFENSES,1
FRAUD DESTROY REMOVAL CONCEALMENT WRITING ENH,2,A,FRAUD OFFENSES,1
FRAUD EXPLOITATION OF CHILD/ELDERLY/DISABLED( PC 32.53(c)),64,A,FRAUD OFFENSES,1
FRAUD INTENT OBTAIN PRESCRIP NOT MED NEEDED SCHED I OR I,19,A,FRAUD OFFENSES,1
FRAUD INTENT OBTAIN PRESCRIP NOT MED NEEDED SCHED LLL OR I,63,A,FRAUD OFFENSES,1
FRAUD INTENT OBTAIN PRESCRIPTION NOT MED NEEDED SCHEDULE,28,A,FRAUD OFFENSES,1
"FRAUD POSS CS/PRESCRIPTION SCH I, II",6,A,FRAUD OFFENSES,1
"FRAUD POSS CS/PRESCRIPTION SCH III, IV",9,A,FRAUD OFFENSES,1
FRAUD POSS CS/PRESCRIPTION SCH V,16,A,FRAUD OFFENSES,1
FRAUD POSS CS/PRESRCIPTION SCH II OR III/SCRIPT FORM,3,A,FRAUD OFFENSES,1
FRAUD POSS CS/PRESRCIPTION SCH IV OR V,1,A,FRAUD OFFENSES,1
FRAUD POSS PRESRCIPTION FORM SCHEDULE IL OR LII CONT SUB,5,A,FRAUD OFFENSES,1
FRAUD POSS PRESRCIPTION FORMS SCHEDULE LV OR V CONT SUBS,3,A,FRAUD OFFENSES,1
FRAUD TRANSFER OF MOTOR VEH <$20K,6,A,FRAUD OFFENSES,1
FRAUD TRANSFER OF MOTOR VEH > OR EQUAL $20K,2,A,FRAUD OFFENSES,1
FRAUD USE/POSS IDENT INFO # ITEMS <5 ELDERLY,223,A,FRAUD OFFENSES,1
FRAUD USE/POSS IDENT INFO # ITEMS 10<50 ELDER,9,A,FRAUD OFFENSES,1
FRAUD USE/POSS IDENT INFO # ITEMS 5<10 ELDERLY,27,A,FRAUD OFFENSES,1
FRAUD USE/POSS IDENTIFYING INFO # ITEMS < 5,1960,A,FRAUD OFFENSES,1
FRAUD USE/POSS IDENTIFYING INFO # ITEMS 10<50,311,A,FRAUD OFFENSES,1
FRAUD USE/POSS IDENTIFYING INFO # ITEMS 5<10,221,A,FRAUD OFFENSES,1
FRAUD USE/POSS IDENTIFYING INFO # ITEMS 50 OR MORE,68,A,FRAUD OFFENSES,1
FRAUD USE/POSS IDENTIFYING INFO-PRELIMINARY INVESTIGATION,4336,A,FRAUD OFFENSES,1
FRAUDULENT FILING OF FINANCING STATEMENT,31,A,FRAUD OFFENSES,1
FRAUDULENT TRANSFER OF M V > OR EQUAL $30K <$150K PC32.34(f2),3,A,FRAUD OFFENSES,1
FRAUDULENT TRANSFER OF M V >OR EQUAL TO $150K <$300K,1,A,FRAUD OFFENSES,1
FRAUDULENT TRANSFER OF MOTOR VEHICLE < $30K PC32.34(f1),7,A,FRAUD OFFENSES,1
FRAUDULENT TRANSFER OF MOTOR VEHICLE <$30K,1,A,FRAUD OFFENSES,1
GAMBLING PROMOTION,14,A,GAMBLING OFFENSES,0
GRAFFITI >OR EQUAL $100 BUT <$750,101,A,DESTRUCTION/ DAMAGE/ VANDALISM OF PROPERTY,0
GRAFFITI >OR EQUAL $2500 BUT <$30K,9,A,DESTRUCTION/ DAMAGE/ VANDALISM OF PROPERTY,0
GRAFFITI >OR EQUAL $750 BUT <$2500,32,A,DESTRUCTION/ DAMAGE/ VANDALISM OF PROPERTY,0
GRAFFITI PECUNIARY LOSS  >OR EQUAL $100 <$750 PC28.08(b2),129,A,DESTRUCTION/ DAMAGE/ VANDALISM OF PROPERTY,0
GRAFFITI PECUNIARY LOSS <$100,76,A,DESTRUCTION/ DAMAGE/ VANDALISM OF PROPERTY,0
GRAFFITI PECUNIARY LOSS <$100K,2,A,DESTRUCTION/ DAMAGE/ VANDALISM OF PROPERTY,0
GRAFFITI PECUNIARY LOSS <$1500,32,A,DESTRUCTION/ DAMAGE/ VANDALISM OF PROPERTY,0
GRAFFITI PECUNIARY LOSS <$20K,12,A,DESTRUCTION/ DAMAGE/ VANDALISM OF PROPERTY,0
GRAFFITI PECUNIARY LOSS <$500,72,A,DESTRUCTION/ DAMAGE/ VANDALISM OF PROPERTY,0
GRAFFITI PECUNIARY LOSS > $300K PC28.08(b7),4,A,DESTRUCTION/ DAMAGE/ VANDALISM OF PROPERTY,0
GRAFFITI PECUNIARY LOSS > OR EQUAL $150K <$300K PC28.08(b6),1,A,DESTRUCTION/ DAMAGE/ VANDALISM OF PROPERTY,0
GRAFFITI PECUNIARY LOSS > OR EQUAL $2500 <$30K PC28.08(b4),39,A,DESTRUCTION/ DAMAGE/ VANDALISM OF PROPERTY,0
GRAFFITI PECUNIARY LOSS > OR EQUAL $30K < $150K PC28.08(b5),6,A,DESTRUCTION/ DAMAGE/ VANDALISM OF PROPERTY,0
GRAFFITI PECUNIARY LOSS > OR EQUAL $750 <$2500 PC28.08(b3),66,A,DESTRUCTION/ DAMAGE/ VANDALISM OF PROPERTY,0
GRAFFITI REAL/PERSONAL PROP > OR EQUAL $750 <$30K PC28.08 (d2),9,A,DESTRUCTION/ DAMAGE/ VANDALISM OF PROPERTY,0
GRAFFITI WORSHIP BURIAL/PUBLIC MONUMENT/SCHOOL,7,A,DESTRUCTION/ DAMAGE/ VANDALISM OF PROPERTY,0
GRAFFITI WORSHIP BURIAL/PUBLIC MONUMENT/SCHOOL PC28.08(d),3,A,DESTRUCTION/ DAMAGE/ VANDALISM OF PROPERTY,0
HARASSMENT,9588,A,ASSAULT OFFENSES,1
HARASSMENT BY PERSON IN CORRECTIONAL/DETENTION,5,A,ASSAULT OFFENSES,1
HARASSMENT OF PUBLIC SERVANT,77,A,ASSAULT OFFENSES,1
HARASSMENT -PRELIMINARY INVESTIGATION,550,A,ASSAULT OFFENSES,1
HARASSMENT W/PREV CONVICTION,3,A,ASSAULT OFFENSES,1
HARASSMENT-REPEATED ELECTRONIC COMM <18 INTENT SUICIDE OR SBI,18,A,ASSAULT OFFENSES,1
HARASSMENT-REPEATED ELECTRONIC COMMUNICATION,982,A,ASSAULT OFFENSES,1
HINDER APPREH/PROS KNOWN FELON SEX OFFENDER,1,B,ALL OTHER OFFENSES,0
HINDER APPREHENSION OR PROSECUTION KNOWN FELON,7,B,ALL OTHER OFFENSES,0
HINDER APPREHENSION/PROSECUTION,5,B,ALL OTHER OFFENSES,0
HOAX BOMB WEAPONS FREE ZONE,9,A,WEAPON LAW VIOLATIONS,1
HOAX BOMBS,96,A,WEAPON LAW VIOLATIONS,1
HOMICIDE,21,A,HOMICIDE OFFENSES,1
HOMICIDE (POLICE SHOOTING),6,A,HOMICIDE OFFENSES,1
HOURS OF SALE OF BEER PROHIBITED,1,B,LIQUOR LAW VIOLATIONS,0
IDENTITY THEFT BY ELECTRONIC DEVICE,33,A,FRAUD OFFENSES,1
IDENTITY THEFT BY ELECTRONIC DEVICE HIPAA,1,A,FRAUD OFFENSES,1
ILLEGAL DUMPING > OR EQUAL 500LBS < 1000 LBS,55,B,ALL OTHER OFFENSES,0
ILLEGAL DUMPING >1000 LBS OR > 200 CFT HSC 365.012(g)(1),142,B,ALL OTHER OFFENSES,0
ILLEGAL DUMPING >5 LBS < 500 LBS,240,B,ALL OTHER OFFENSES,0
ILLEGAL DUMPING >5 LBS < 500 LBS OR >5 GAL <100 CFT HSC 365.012(e),268,B,ALL OTHER OFFENSES,0
ILLEGAL DUMPING >OR EQ 500LBS<1000LBS >OR EQ 100CFT<200CFT HSC 365.012 (f)(1),84,B,ALL OTHER OFFENSES,0
ILLEGAL DUMPING 1000 LBS OR MORE,74,B,ALL OTHER OFFENSES,0
ILLEGAL DUMPING COMM >200LBS OR >200 CFT HSC 365.012 (g)(2),19,B,ALL OTHER OFFENSES,0
ILLEGAL DUMPING COMM >5LBS< 200LBS OR >5GAL<200 CFT HSC 365.012(f)(2),14,B,ALL OTHER OFFENSES,0
ILLEGAL DUMPING COMM WGHT 5LBS < 200 LBS,3,B,ALL OTHER OFFENSES,0
ILLEGAL DUMPING COMM WGT/BARREL OR DRUM,7,B,ALL OTHER OFFENSES,0
ILLEGAL DUMPING IN CLOSED BARREL OR DRUM HSC 365.012(g)(3),6,B,ALL OTHER OFFENSES,0
ILLEGAL DUMPING LT LIT/WASTE <500LBS OR <100 CFT HSC 365.012(d-1),10,B,ALL OTHER OFFENSES,0
ILLEGAL DUMPING W/PREV CONV (FELONY),1,B,ALL OTHER OFFENSES,0
ILLEGAL DUMPING W/PREV CONV (MISDEMEANOR),1,B,ALL OTHER OFFENSES,0
ILLUMINATING AN AIRCRAFT W/LASER POINTER,4,B,ALL OTHER OFFENSES,0
ILLUMINATING AN AIRCRAFT W/LASER POINTER IMPAIR OPERATOR,7,B,ALL OTHER OFFENSES,0
IMPERSONATE PUBLIC SERVANT,118,A,FRAUD OFFENSES,1
IMPERSONATE SECURITY OFFICER,6,A,FRAUD OFFENSES,1
INDECENCY W/A CHILD EXPOSES,1,B,DISORDERLY CONDUCT,1
INHALANT PARAPHERNALIA USES OR POSS,7,A,DRUG/ NARCOTIC VIOLATIONS,0
INJURED PERSON - AT HOME (OTHER THAN FIREARM) (NO OFFENSE),2479,A,ASSAULT OFFENSES,1
INJURED PERSON - FIREARM INJURY (NO OFFENSE),675,A,ASSAULT OFFENSES,1
INJURED PERSON - OCCUPATIONAL (OTHER THAN FIREARM) (NO OFFENSE),296,A,ASSAULT OFFENSES,1
INJURED PERSON- PUBLIC PROPERTY (OTHER THAN FIREARM) (NO OFFENSE),8093,A,ASSAULT OFFENSES,1
INJURY CHILD/ELDERLY/DISABLED-CRIM NEG CAUSE BOD INJ,3,A,ASSAULT OFFENSES,1
INJURY CHILD/ELDERLY/DISABLED-FAM VIOL- INT-S.B.I,1,A,ASSAULT OFFENSES,1
INJURY CHILD/ELDERLY/DISABLED-INT-BODILY INJURY-HEALTH CAR,15,A,ASSAULT OFFENSES,1
INJURY CHILD/ELDERLY/DISABLED-INTENT-BODILY INJURY,204,A,ASSAULT OFFENSES,1
INJURY CHILD/ELDERLY/DISABLED-INT-S.B.I.,24,A,ASSAULT OFFENSES,1
INJURY CHILD/ELDERLY/DISABLED-RECKLESS-BODILY INJURY,20,A,ASSAULT OFFENSES,1
INJURY CHILD/ELDERLY/DISABLED-RECKLESS-S.B.I.,4,A,ASSAULT OFFENSES,1
INSURANCE FRAUD  RISKING BODILY INJ/DEATH,1,A,FRAUD OFFENSES,1
"INSURANCE FRAUD > OR EQUAL $2,500<$30K",1,A,FRAUD OFFENSES,1
INSURANCE FRAUD > OR EQUAL $2500<$30K,1,A,FRAUD OFFENSES,1
INSURANCE FRAUD > OR EQUAL $30K<$150K,2,A,FRAUD OFFENSES,1
INSURANCE FRAUD > OR EQUAL $750<$2500,1,A,FRAUD OFFENSES,1
INSURANCE FRAUD W/INT TO DEFRAUD/DECEIVE,1,A,FRAUD OFFENSES,1
INTERFERE W/ CHILD CUSTODY,587,A,KIDNAPPING/ ABDUCTION,1
INTERFERE W/ CHILD CUSTODY -PRELIMINARY INVESTIGATION,15,A,KIDNAPPING/ ABDUCTION,1
INTERFERE W/ PUBLIC DUTIES,109,B,ALL OTHER OFFENSES,0
INTERFERE W/EMERGENCY CALL,168,B,ALL OTHER OFFENSES,0
INTERFERE W/POLICE SERV ANIMAL DEPRIVE HANDLING,1,B,ALL OTHER OFFENSES,0
INTERFERE W/POLICE SERV ANIMAL INJURY,2,B,ALL OTHER OFFENSES,0
INTERFERE W/POLICE SERV ANIMAL TAUNTS/STRIKES,1,B,ALL OTHER OFFENSES,0
INTERFERE W/POLICE SERV ANIMAL THROWS OBJECT,1,B,ALL OTHER OFFENSES,0
INTERFERE W/RR PROPERTY-  MB,1,B,ALL OTHER OFFENSES,0
INTERFERE W/RR PROPERTY- ENTERS PROPERTY,1,B,ALL OTHER OFFENSES,0
INTOX ASSAULT CAUSE SBI PEACE OFFICER/JUDGE,2,B,DRIVING UNDER THE INFLUENCE,0
INTOX ASSAULT CAUSES BRAIN INJ VEGETATIVE STATE 49.09(b-4),1,A,ASSAULT OFFENSES,1
INTOX MANSLAUGHTER,29,A,HOMICIDE OFFENSES,1
INTOX MANSLAUGHTER CAUSE DEATH PEACE OFC/FIRE/EMS,2,A,HOMICIDE OFFENSES,1
INTOX MANSLAUGHTER WITH VEHICLE,29,A,HOMICIDE OFFENSES,1
INTOXICATION ASSAULT W/VEH SERIOUS BODILY INJURY,221,A,ASSAULT OFFENSES,1
INVALIDATION OF STAMP LOCAL DISTRIBUTOR,1,B,LIQUOR LAW VIOLATIONS,0
INVASIVE VISUAL RECORDING,107,A,PORNOGRAPHY/ OBSCENE MATERIAL,1
INVASIVE VISUAL RECORDING BATH/DRESS RM,11,A,PORNOGRAPHY/ OBSCENE MATERIAL,1
KEEPING A GAMBLING PLACE,162,A,GAMBLING OFFENSES,0
KIDNAPPING,34,A,KIDNAPPING/ ABDUCTION,1
KIDNAPPING - PRELIMINARY INVESTIGATION,35,A,KIDNAPPING/ ABDUCTION,1
KIDNAPPING (AGG) -,63,A,KIDNAPPING/ ABDUCTION,1
KIDNAPPING (AGG) -  PRELIMINARY INVESTIGATION,18,A,KIDNAPPING/ ABDUCTION,1
KIDNAPPING (AGG) -FOR RANSOM/REWARD,2,A,KIDNAPPING/ ABDUCTION,1
KIDNAPPING (AGG) -RELEASE VICTIM SAFE PLACE,1,A,KIDNAPPING/ ABDUCTION,1
KIDNAPPING (AGG) -TERRORIZE PERSON OR 3RD PARTY,3,A,KIDNAPPING/ ABDUCTION,1
LABELING UNAUTH RECORDING 65+ W/I 180D/PREV CONV,2,A,COUNTERFEITING / FORGERY,0
LABELING UNAUTHORIZED RECORDING > 7 BUT <65 W/I 180D,3,A,COUNTERFEITING / FORGERY,0
LABELING UNAUTHORIZED RECORDING 65+ W/I 180D/PREV CONV,18,A,COUNTERFEITING / FORGERY,0
LEAVING A CHILD IN A VEH,2,A,"FAMILY OFFENSES, NONVIOLENT",1
LEWD/IMMORAL/INDECENT CONDUCT,5,B,DISORDERLY CONDUCT,0
LICENSE AND DESIGNATED OPERATOR REQUIRED,8,B,ALL OTHER OFFENSES,0
LICENSE REQUIRED TO BREW/SALE BEER,13,B,LIQUOR LAW VIOLATIONS,0
LOCATION OF SEXUALLY ORIENTED BUSINESSES,1,A,PORNOGRAPHY/ OBSCENE MATERIAL,0
LOST PROPERTY (NO OFFENSE),11539,C,MISCELLANEOUS,1
MAN DEL CONT SUB CAUSE DEATH OR SBI,2,A,DRUG/ NARCOTIC VIOLATIONS,0
MAN DEL CONT SUB NOT IN PEN GRP,3,A,DRUG/ NARCOTIC VIOLATIONS,0
MAN DEL CONT SUB NOT IN PEN GRP *DRUG FREE ZONE*,1,A,DRUG/ NARCOTIC VIOLATIONS,0
MAN DEL CONT SUB PEN GRP 1 <1G,395,A,DRUG/ NARCOTIC VIOLATIONS,0
MAN DEL CONT SUB PEN GRP 1 <1G *DRUG FREE ZONE*,23,A,DRUG/ NARCOTIC VIOLATIONS,0
MAN DEL CONT SUB PEN GRP 1 > OR EQUAL 1G *DRUG FREE ZONE*,9,A,DRUG/ NARCOTIC VIOLATIONS,0
MAN DEL CONT SUB PEN GRP 1 > OR EQUAL 1G<4G,368,A,DRUG/ NARCOTIC VIOLATIONS,0
MAN DEL CONT SUB PEN GRP 1 > OR EQUAL 200G <400G,31,A,DRUG/ NARCOTIC VIOLATIONS,0
MAN DEL CONT SUB PEN GRP 1 > OR EQUAL 400G,53,A,DRUG/ NARCOTIC VIOLATIONS,0
MAN DEL CONT SUB PEN GRP 1 > OR EQUAL 4G<200G,667,A,DRUG/ NARCOTIC VIOLATIONS,0
MAN DEL CONT SUB PEN GRP 1A > OR EQUAL 20<80AU,1,A,DRUG/ NARCOTIC VIOLATIONS,0
"MAN DEL CONT SUB PEN GRP 1A > OR EQUAL 80<4,000AU",3,A,DRUG/ NARCOTIC VIOLATIONS,0
MAN DEL CONT SUB PEN GRP 2 < 1G,2,A,DRUG/ NARCOTIC VIOLATIONS,0
MAN DEL CONT SUB PEN GRP 2 > OR EQUAL 1G *DRUG FREE ZONE*,1,A,DRUG/ NARCOTIC VIOLATIONS,0
MAN DEL CONT SUB PEN GRP 2 > OR EQUAL 1G<4G,2,A,DRUG/ NARCOTIC VIOLATIONS,0
MAN DEL CONT SUB PEN GRP 2 > OR EQUAL 400G,1,A,DRUG/ NARCOTIC VIOLATIONS,0
MAN DEL CONT SUB PEN GRP 2 > OR EQUAL 4G<400G,4,A,DRUG/ NARCOTIC VIOLATIONS,0
MAN DEL CONT SUB PEN GRP 2 or 2-A < 1G,16,A,DRUG/ NARCOTIC VIOLATIONS,0
MAN DEL CONT SUB PEN GRP 2 or 2-A < 1G *DRUG FREE ZONE*,9,A,DRUG/ NARCOTIC VIOLATIONS,0
MAN DEL CONT SUB PEN GRP 2 or 2-A > OR EQUAL 1G *DRUG FREE ZONE*,5,A,DRUG/ NARCOTIC VIOLATIONS,0
MAN DEL CONT SUB PEN GRP 2 or 2-A > OR EQUAL 1G<4G,37,A,DRUG/ NARCOTIC VIOLATIONS,0
MAN DEL CONT SUB PEN GRP 2 or 2-A > OR EQUAL 400G,1,A,DRUG/ NARCOTIC VIOLATIONS,0
MAN DEL CONT SUB PEN GRP 2 or 2-A > OR EQUAL 4G<400G,101,A,DRUG/ NARCOTIC VIOLATIONS,0
MAN DEL CONT SUB PEN GRP 3/4 < 28G *DRUG FREE ZONE*,7,A,DRUG/ NARCOTIC VIOLATIONS,0
MAN DEL CONT SUB PEN GRP 3/4 <28G,72,A,DRUG/ NARCOTIC VIOLATIONS,0
MAN DEL CONT SUB PEN GRP 3/4 > OR EQUAL  400G,3,A,DRUG/ NARCOTIC VIOLATIONS,0
MAN DEL CONT SUB PEN GRP 3/4 > OR EQUAL 200G<400G,4,A,DRUG/ NARCOTIC VIOLATIONS,0
MAN DEL CONT SUB PEN GRP 3/4 > OR EQUAL 28G<200G,11,A,DRUG/ NARCOTIC VIOLATIONS,0
MANIFESTING FOR SELLING DRUGS,105,A,DRUG/ NARCOTIC VIOLATIONS,0
MANIFESTING THE PURPOSE OF ENGAGING IN PROSTITUTION,29,A,PROSTITUTION OFFENSES,1
MANIFESTING THE PURPOSE OF SELLING ILLEGAL DRUGS AND CHEMICALS,12,A,DRUG/ NARCOTIC VIOLATIONS,0
MANSLAUGHTER,11,A,HOMICIDE OFFENSES,1
MANSLAUGHTER (TRAFFIC FATALITY),27,A,HOMICIDE OFFENSES,1
MANUFACTURE OF DANGEROUS DRUG,1,A,DRUG/ NARCOTIC VIOLATIONS,0
MASSAGE THERAPY LIC/OWN VIO W/3 OR MORE PREV CONV,1,B,ALL OTHER OFFENSES,1
MASSAGE THERAPY LICENSE/OWNER VIO,2,B,ALL OTHER OFFENSES,1
MIR (JUVENILE CONTACT),222,B,ALL OTHER OFFENSES,1
MIR (JUVENILE CURFEW CITATION),2,B,ALL OTHER OFFENSES,1
MIR (JUVENILE CURFEW WARNING),1,B,ALL OTHER OFFENSES,1
"MISAPP FIDUC/FINAN PROP > OR EQUAL $1,500<$20K",1,A,FRAUD OFFENSES,1
MISAPP FIDUC/FINAN PROP > OR EQUAL $100 < $750,2,A,FRAUD OFFENSES,1
MISAPP FIDUC/FINAN PROP > OR EQUAL $100<$750,2,A,FRAUD OFFENSES,1
MISAPP FIDUC/FINAN PROP > OR EQUAL $150K < $300K,2,A,FRAUD OFFENSES,1
MISAPP FIDUC/FINAN PROP > OR EQUAL $150K<$300K,2,A,FRAUD OFFENSES,1
"MISAPP FIDUC/FINAN PROP > OR EQUAL $2,500<$30K",3,A,FRAUD OFFENSES,1
MISAPP FIDUC/FINAN PROP > OR EQUAL $20<$500 ELDERLY,1,A,FRAUD OFFENSES,1
MISAPP FIDUC/FINAN PROP > OR EQUAL $30K < $150K,1,A,FRAUD OFFENSES,1
MISAPP FIDUC/FINAN PROP > OR EQUAL $30K<$150K,1,A,FRAUD OFFENSES,1
"MISAPP FIDUC/FINAN PROP > OR EQUAL $750 < 2,500",1,A,FRAUD OFFENSES,1
"MISAPP FIDUC/FINAN PROP > OR EQUAL $750<$2,500",1,A,FRAUD OFFENSES,1
MISAPP FIDUC/FINAN PROP>  OR EQUAL $300K,1,A,FRAUD OFFENSES,1
MONEY LAUNDERING > $300K PC34.02(e4),1,A,FRAUD OFFENSES,1
MURDER,482,A,HOMICIDE OFFENSES,1
NATURAL DEATH (NO OFFENSE),5894,C,MISCELLANEOUS,0
NO CODE,17,C,MISCELLANEOUS,0
OBSCENE PROMOTE/PRODUCE/DIRECT,2,A,PORNOGRAPHY/ OBSCENE MATERIAL,0
OBSCENE PROMOTE/PRODUCE/DIRECT W/DEVIANT SEX ACT,1,A,PORNOGRAPHY/ OBSCENE MATERIAL,0
OBSTRUCT HIGHWAY PASSAGEWAY,47,B,DISORDERLY CONDUCT,0
OBSTRUCTION OR RETALIATION,304,B,ALL OTHER OFFENSES,0
OBSTRUCTION OR RETALIATION AGAINST JUROR,1,B,ALL OTHER OFFENSES,0
OBSTRUCTION OR RETALIATION WEBSITE POST ADD/PHN,1,B,ALL OTHER OFFENSES,0
OFFICIAL OPPRESSION,11,B,ALL OTHER OFFENSES,0
ONLINE HARRASSMENT-EMAIL/MESSAGE W/IDENT INFOR,13,A,FRAUD OFFENSES,1
ONLINE HARRASSMENT-NAME/PERSONA TO CREATE PAGE,5,A,FRAUD OFFENSES,1
ONLINE IMPERSONATION-EMAIL/MESSAGE W/IDENT INFOR,12,A,FRAUD OFFENSES,1
ONLINE IMPERSONATION-NAME/PERSONA TO CREATE PAGE,35,A,ASSAULT OFFENSES,1
ONLINE SOLICITATION OF A MINOR SEX CONDUCT,2,A,SEX OFFENSES,1
ONLINE SOLICITATION OF A MINOR UNDER 14,1,A,SEX OFFENSES,1
OPEN BUILDING (NO OFFENSE),2626,C,MISCELLANEOUS,0
OPERATE UNMANNED AIRCRAFT CORR/DET/CRITCL FAC  (GC 423.0045(D)),1,B,ALL OTHER OFFENSES,0
OTHER FELONY OFFENSE - COUNTERFEITING/FORGERY,8,A,COUNTERFEITING / FORGERY,1
OTHER FELONY OFFENSE - EXTORTION/BLACKMAIL,5,A,EXTORTION/ BLACKMAIL,1
OTHER FELONY OFFENSE - FRAUD,72,A,FRAUD OFFENSES,1
OTHER MISDEMEANOR OFFENSE - COUNTERFEITING/FORGERY,1,A,COUNTERFEITING / FORGERY,1
OTHER MISDEMEANOR OFFENSE - EXTORTION/BLACKMAIL,5,A,EXTORTION/ BLACKMAIL,1
OTHER MISDEMEANOR OFFENSE - FRAUD,47,A,FRAUD OFFENSES,1
OTHER OFFENSE - FELONY,105,B,ALL OTHER OFFENSES,0
OTHER OFFENSE - FELONY (NO CODE),4,B,ALL OTHER OFFENSES,0
OTHER OFFENSE - MISDEMEANOR,1740,C,MISCELLANEOUS,0
OTHER OFFENSE - MISDEMEANOR  (NO CODE),112,C,MISCELLANEOUS,0
PERJURY,1,A,FRAUD OFFENSES,1
PERJURY (AGG,1,A,ASSAULT OFFENSES,1
PERMIT REQUIRED IN WET AREA,7,B,LIQUOR LAW VIOLATIONS,0
PLACE WEAPONS PROHIBITED,48,A,WEAPON LAW VIOLATIONS,0
PLACEMENT OF SERIAL NUMBERS WITH INTENT TO CHANGE IDENTITY,2,A,COUNTERFEITING / FORGERY,0
POSS CONT SUB NOT IN PEN GRP,140,A,DRUG/ NARCOTIC VIOLATIONS,0
POSS CONT SUB NOT IN PEN GRP *DRUG FREE ZONE*,5,A,DRUG/ NARCOTIC VIOLATIONS,0
POSS CONT SUB PEN GRP 1 <1G,3499,A,DRUG/ NARCOTIC VIOLATIONS,0
POSS CONT SUB PEN GRP 1 <1G *DRUG FREE ZONE*,148,A,DRUG/ NARCOTIC VIOLATIONS,0
POSS CONT SUB PEN GRP 1 > OR EQUAL 1G<4G,936,A,DRUG/ NARCOTIC VIOLATIONS,0
POSS CONT SUB PEN GRP 1 > OR EQUAL 200G<400G,21,A,DRUG/ NARCOTIC VIOLATIONS,0
POSS CONT SUB PEN GRP 1 > OR EQUAL 400G,4,A,DRUG/ NARCOTIC VIOLATIONS,0
POSS CONT SUB PEN GRP 1 > OR EQUAL 4G<200G,363,A,DRUG/ NARCOTIC VIOLATIONS,0
POSS CONT SUB PEN GRP 1 >1G *DRUG FREE ZONE*,16,A,DRUG/ NARCOTIC VIOLATIONS,0
POSS CONT SUB PEN GRP 1A <20AU,4,A,DRUG/ NARCOTIC VIOLATIONS,0
POSS CONT SUB PEN GRP 1A > OR EQUAL 20<80AU,1,A,DRUG/ NARCOTIC VIOLATIONS,0
"POSS CONT SUB PEN GRP 1A > OR EQUAL 80<4,000AU",1,A,DRUG/ NARCOTIC VIOLATIONS,0
POSS CONT SUB PEN GRP 1A > OR EQUAL 8000AU,1,A,DRUG/ NARCOTIC VIOLATIONS,0
POSS CONT SUB PEN GRP 2 < 1G,205,A,DRUG/ NARCOTIC VIOLATIONS,0
POSS CONT SUB PEN GRP 2 < 1G *DRUG FREE ZONE*,13,A,DRUG/ NARCOTIC VIOLATIONS,0
POSS CONT SUB PEN GRP 2 > OR EQUAL  1G<4G,115,A,DRUG/ NARCOTIC VIOLATIONS,0
POSS CONT SUB PEN GRP 2 > OR EQUAL  400G,16,A,DRUG/ NARCOTIC VIOLATIONS,0
POSS CONT SUB PEN GRP 2 > OR EQUAL 1G *DRUG FREE ZONE*,4,A,DRUG/ NARCOTIC VIOLATIONS,0
POSS CONT SUB PEN GRP 2 > OR EQUAL 4G<400G,80,A,DRUG/ NARCOTIC VIOLATIONS,0
POSS CONT SUB PEN GRP 2-A  2 OZ OR LESS,27,A,DRUG/ NARCOTIC VIOLATIONS,0
POSS CONT SUB PEN GRP 2-A < OR EQUAL 2 OZ,115,A,DRUG/ NARCOTIC VIOLATIONS,0
POSS CONT SUB PEN GRP 2-A > 2 OZ < OR EQUAL 4 OZ,8,A,DRUG/ NARCOTIC VIOLATIONS,0
POSS CONT SUB PEN GRP 2-A > 4 OZ < OR EQUAL  5 LBS,4,A,DRUG/ NARCOTIC VIOLATIONS,0
POSS CONT SUB PEN GRP 2-A > 5 LBS < OR EQUAL 50LBS,3,A,DRUG/ NARCOTIC VIOLATIONS,0
POSS CONT SUB PEN GRP 3 < 28G,599,A,DRUG/ NARCOTIC VIOLATIONS,0
POSS CONT SUB PEN GRP 3 < 28G *DRUG FREE ZONE*,33,A,DRUG/ NARCOTIC VIOLATIONS,0
POSS CONT SUB PEN GRP 3 > OR EQUAL  28G<200G,26,A,DRUG/ NARCOTIC VIOLATIONS,0
POSS CONT SUB PEN GRP 3 > OR EQUAL  400G,1,A,DRUG/ NARCOTIC VIOLATIONS,0
POSS CONT SUB PEN GRP 4 <28G,80,A,DRUG/ NARCOTIC VIOLATIONS,0
POSS CONT SUB PEN GRP 4 > OR EQUAL 200G<400G,3,A,DRUG/ NARCOTIC VIOLATIONS,0
POSS CONT SUB PEN GRP 4 > OR EQUAL 28G *DRUG FREE ZONE*,2,A,DRUG/ NARCOTIC VIOLATIONS,0
POSS CONT SUB PEN GRP 4 > OR EQUAL 28G<200G,4,A,DRUG/ NARCOTIC VIOLATIONS,0
POSS CONT SUB PEN GRP 4 > OR EQUAL 400G,7,A,DRUG/ NARCOTIC VIOLATIONS,0
POSS MARIJUANA <2OZ,5623,A,DRUG/ NARCOTIC VIOLATIONS,0
POSS MARIJUANA <2OZ *DRUG FREE ZONE*,334,A,DRUG/ NARCOTIC VIOLATIONS,0
"POSS MARIJUANA >2,000LBS",1,A,DRUG/ NARCOTIC VIOLATIONS,0
POSS MARIJUANA >2OZ< OR EQUAL 4OZ,312,A,DRUG/ NARCOTIC VIOLATIONS,0
POSS MARIJUANA >2OZ< OR EQUAL 4OZ *DRUG FREE ZONE*,43,A,DRUG/ NARCOTIC VIOLATIONS,0
POSS MARIJUANA >4OZ< OR EQUAL 5LBS,334,A,DRUG/ NARCOTIC VIOLATIONS,0
POSS MARIJUANA >4OZ< OR EQUAL 5LBS *DRUG FREE ZONE*,46,A,DRUG/ NARCOTIC VIOLATIONS,0
"POSS MARIJUANA >50LBS< OR EQUAL 2,000LBS",12,A,DRUG/ NARCOTIC VIOLATIONS,0
POSS MARIJUANA >5LBS *DRUG FREE ZONE*,2,A,DRUG/ NARCOTIC VIOLATIONS,0
POSS MARIJUANA >5LBS< OR EQUAL 50LBS,56,A,DRUG/ NARCOTIC VIOLATIONS,0
POSS OF CHILD PORNOGRAPHY,74,A,PROSTITUTION OFFENSES,0
POSS OF CHILD PORNOGRAPHY - W/INT TO PROMOTE,5,A,PROSTITUTION OFFENSES,0
POSS OF DANGEROUS DRUG,191,A,DRUG/ NARCOTIC VIOLATIONS,0
POSS W/INT TO PROMOTE CHILD PORNOGRAPHY,2,A,PROSTITUTION OFFENSES,0
POSS/PROMOTE LEWD VISUAL MATERIAL DEPICT CHILD,1,A,PROSTITUTION OFFENSES,0
POSSESSION AND USE OF VOLATILE CHEMICAL,5,A,DRUG/ NARCOTIC VIOLATIONS,0
POSSESSION OF DRUG PARAPHERNALIA,746,A,DRUG/ NARCOTIC VIOLATIONS,0
POSSESSION OF STOLEN PROPERTY,264,A,STOLEN PROPERTY OFFENSES,1
"POSSSESS, MANUFACTOR OR DISTRIBUTE RETAIL THEFT  INSTRUMENT",5,A,STOLEN PROPERTY OFFENSES,1
PROHIBITED SUBSTANCE/ITEM IN CORRECTIONAL FACILITY,5,B,ALL OTHER OFFENSES,0
PROHIBITED WEAPON KNUCKLES,55,A,WEAPON LAW VIOLATIONS,0
PROHIBITED WEAPON PC,40,A,WEAPON LAW VIOLATIONS,1
PROHIBITED WEAPON/WEAPONS FREE ZONE,2,A,WEAPON LAW VIOLATIONS,1
PROHIBITED WEAPON/WEAPONS FREE ZONE IA,1,A,WEAPON LAW VIOLATIONS,1
PUBLIC INTOXICATION,23858,C,MISCELLANEOUS,0
PUBLIC INTOXICATION: MINOR 3RD ENH,16,C,MISCELLANEOUS,0
PUBLIC LEWDNESS,22,B,DISORDERLY CONDUCT,0
PUBLISH/THREAT TO PUBLISH INTIMATE VISUAL MATERIAL,31,B,DISORDERLY CONDUCT,0
PURCHASE FURNISH ALCOHOL TO A MINOR,4,B,LIQUOR LAW VIOLATIONS,0
RACING ACT (VCS 179( E)),2,C,MISCELLANEOUS,0
RECKLESS DAMAGE,14292,B,ALL OTHER OFFENSES,1
RECOVERED OUT OF TOWN STOLEN PROPERTY (NO OFFENSE),3755,A,STOLEN PROPERTY OFFENSES,1
RECOVERED OUT OF TOWN STOLEN VEHICLE (NO OFFENSE),14323,A,MOTOR VEHICLE THEFT,1
REPEATED VIOL.OF CERTAIN C.O.OR COND. OR BOND IN FAM. VIOL,12,A,"FAMILY OFFENSES, NONVIOLENT",1
RESIST ARREST SEARCH OR TRANSPORT,984,A,ASSAULT OFFENSES,1
RESIST ARREST SEARCH OR TRANSPORT DEADLY WEAPON,6,A,ASSAULT OFFENSES,1
RESTRICTION ON CONSUMPTION OF ALCOHOL,2,B,LIQUOR LAW VIOLATIONS,0
RIOT PARTICIPATION MB,12,B,DISORDERLY CONDUCT,0
"ROBBERY (AGG) OF BUSINESS, PRELIMINARY INVESTIGATION",17,A,ROBBERY,1
"ROBBERY (AGG) OF INDIVIDUAL, PRELIMINARY INVESTIGATION",634,A,ROBBERY,1
ROBBERY OF BUSINESS,2040,A,ROBBERY,1
ROBBERY OF BUSINESS - PRELIMINARY INVESTIGATION,24,A,ROBBERY,1
ROBBERY OF BUSINESS (AGG),5214,A,ROBBERY,1
ROBBERY OF INDIVIDUAL,4977,A,ROBBERY,1
ROBBERY OF INDIVIDUAL - PRELIMINARY INVESTIGATION,657,A,ROBBERY,1
ROBBERY OF INDIVIDUAL (AGG),16020,A,ROBBERY,1
SALE ALCOHOLIC BEVERAGE DURING PROHIBITED HOURS,3,B,LIQUOR LAW VIOLATIONS,0
SALVAGE VEHICLE NO RECORDS,15,B,ALL OTHER OFFENSES,0
"SECURE EXECUTION DOC BY DECEPTION > OR EQUAL TO $1,500 BUT <$20K",1,A,FRAUD OFFENSES,1
SECURE EXECUTION DOC DECEPTION  > OR EQUAL TO $100 BUT <$750,1,A,FRAUD OFFENSES,1
SECURE EXECUTION DOC DECEPTION > OR EQUAL TO $150K BUT < $300K,2,A,FRAUD OFFENSES,1
SECURE EXECUTION DOC DECEPTION > OR EQUAL TO $200K,1,A,FRAUD OFFENSES,1
SEIZED PROPERTY (NO OFFENSE),1460,B,ALL OTHER OFFENSES,1
SEX ABUSE OF CHILD CONTINUOUS VICTIM<14 (WITH OBJECT,1,A,SEX OFFENSES,1
SEX ASSAULT  (WITH OBJECT),6,A,SEX OFFENSES,1
SEX OFFENDERS DUTY TO REGISTER 10YRS,28,B,ALL OTHER OFFENSES,0
SEX OFFENDERS DUTY TO REGISTER LIFE/90 DAY (CCCP 62.102(B)(3)),32,B,ALL OTHER OFFENSES,0
SEX OFFENDERS DUTY TO REGISTER LIFE/ANNUALLY,192,B,ALL OTHER OFFENSES,0
SEX OFFENDERS DUTY TO REGISTER W/PREV CONV,117,B,ALL OTHER OFFENSES,0
SEXUAL PERFORM CHILD PRODUCE/DIRECT/PROMOTE,1,A,SEX OFFENSES,1
SLEEPING IN A PUBLIC PLACE,36,C,MISCELLANEOUS,0
SMUGGLING OF PERSONS,1,A,HUMAN TRAFFICKING,1
SOLICITATIONS TO OCCUPANTS OF VEHICLES ON PUBLIC ROADWAYS,5,C,MISCELLANEOUS,0
STALKING,237,A,ASSAULT OFFENSES,1
STALKING- PRELIMINARY INVESTIGATION,25,A,ASSAULT OFFENSES,1
STALKING W/PREV CONVICTION,1,A,ASSAULT OFFENSES,1
STAMPS ON DISTILLED SPIRITS CONTAINER,1,B,LIQUOR LAW VIOLATIONS,0
STEALING RECEIVING STOLEN CHECK,1,A,FRAUD OFFENSES,1
SUICIDE (ATT) - (SOCIAL SERVICES REFERRAL),135,C,MISCELLANEOUS,0
SUSPICIOUS PERSON MIR (MISCELLANEOUS INCIDENT REPORT NO OFFENSE),214,C,MISCELLANEOUS,0
TAKE WEAPON FROM AN OFFICER (ATT),25,A,ASSAULT OFFENSES,1
TAKE WEAPON FROM AN OFFICER (GUN OR BATON),1,A,ASSAULT OFFENSES,1
TAKE WEAPON FROM AN OFFICER (MACE/TASER),1,A,ASSAULT OFFENSES,1
"TAMPER FABRIC. PHYSICAL EVID. ALTER,DESTROY CONCEAL HUMAN CORPSE",3,B,ALL OTHER OFFENSES,0
TAMPER FABRICATE PHY EVID/FAILS REPORT HUMAN REMAINS,2,B,ALL OTHER OFFENSES,0
TAMPER FABRICATE PHYSICAL EVID WITH INTENT TO IMPAIR,142,A,FRAUD OFFENSES,1
TAMPER W/CERT/INSP/MAINTENANCE REPORT,1,B,ALL OTHER OFFENSES,0
TAMPER W/CONSUMER PRODUCT  NO INJUR,6,B,ALL OTHER OFFENSES,0
"TAMPER W/GOVT REC-INS DOC (A)(1,3,4,6)",17,B,ALL OTHER OFFENSES,0
"TAMPER W/GOVT REC-INS DOC (A)(2,5)",16,B,ALL OTHER OFFENSES,0
TAMPER W/GOVT REC-INS DOC-DEFRAUD/HARM,46,B,ALL OTHER OFFENSES,0
TAMPER W/GOVT RECORD,50,B,ALL OTHER OFFENSES,0
TAMPER W/GOVT RECORD DEFRAUD/HARM,56,B,ALL OTHER OFFENSES,0
TAMPER W/GOVT RECORD LIC/SEAL DEFRAUD/HARM,80,B,ALL OTHER OFFENSES,0
TAMPER W/GOVT RECORD W/INT MAKE GENUINE,7,B,ALL OTHER OFFENSES,0
TAMPER W/GOVT RECORD-INSURANCE DOCUMENTS,1,B,ALL OTHER OFFENSES,0
TAMPER W/IDENTIFICATION NUMBERS PERSONAL PROBERTY,4,A,COUNTERFEITING / FORGERY,1
TAMPER W/IDENTIFICATION NUMBERS PERSONAL PROPERTY,4,A,COUNTERFEITING / FORGERY,1
TAMPER W/WITNESS,4,A,BRIBERY,1
TERRORISTIC THREAT - FEAR IMMINENT SBI,768,A,ASSAULT OFFENSES,1
TERRORISTIC THREAT - REACTION EMERGENCY AGENCY,26,A,ASSAULT OFFENSES,1
TERRORISTIC THREAT AGAINST PUB SERV (PEACE OFFICER /JUDGE,10,A,ASSAULT OFFENSES,1
TERRORISTIC THREAT AGAINST PUBLIC SERVANT,17,A,ASSAULT OFFENSES,1
TERRORISTIC THREAT CAUSES PECUNIARY LOSS OF >$1500,11,A,ASSAULT OFFENSES,1
TERRORISTIC THREAT FEAR IMMINENT SBI,617,A,ASSAULT OFFENSES,1
TERRORISTIC THREAT IMPAIR PUBLIC SER/PUBLIC FEAR SBI/INFLU GOV,11,A,ASSAULT OFFENSES,1
TERRORISTIC THREAT IMPAIR PUBLIC/GOV SERVICE,6,A,ASSAULT OFFENSES,1
TERRORISTIC THREAT INTERRUPT PUBLIC PLACE,56,A,ASSAULT OFFENSES,1
TERRORISTIC THREAT OF FAMILY/HOUSEHOLD,81,A,ASSAULT OFFENSES,1
TERRORISTIC THREAT -PRELIMINARY INVESTIGATION,132,A,ASSAULT OFFENSES,1
TERRORISTIC THREAT REACTION EMERGENCY AGENCY,9,A,ASSAULT OFFENSES,1
THEFT - PRELIMINARY INVESTIGATION,2471,A,LARCENY/ THEFT OFFENSES,1
THEFT ACQUISITION OF FINANCIAL INFORMATION,7,A,LARCENY/ THEFT OFFENSES,1
THEFT FROM BUILDING <$100 (NOT SHOPLIFT),189,A,LARCENY/ THEFT OFFENSES,1
THEFT FROM BUILDING> OR EQUAL $100<$750 (NOT SHOPLIFT),455,A,LARCENY/ THEFT OFFENSES,1
THEFT FROM BUILDING> OR EQUAL $150K <$300K (NOT SHOPLIFT),4,A,LARCENY/ THEFT OFFENSES,1
THEFT FROM BUILDING> OR EQUAL $2500<$30K (NOT SHOPLIFT),210,A,LARCENY/ THEFT OFFENSES,1
THEFT FROM BUILDING> OR EQUAL $300K (NOT SHOPLIFT),1,A,LARCENY/ THEFT OFFENSES,1
THEFT FROM BUILDING> OR EQUAL $30K<$150K (NOT SHOPLIFT),16,A,LARCENY/ THEFT OFFENSES,1
THEFT FROM BUILDING> OR EQUAL $750<$2500 (NOT SHOPLIFT),280,A,LARCENY/ THEFT OFFENSES,1
THEFT FROM PERSON,2636,A,LARCENY/ THEFT OFFENSES,1
THEFT FROM PERSON (ATT) PICKPOCKET,17,A,LARCENY/ THEFT OFFENSES,1
THEFT FROM PERSON (ATT) PURSE SNATCH,47,A,LARCENY/ THEFT OFFENSES,1
THEFT FROM PERSON ENHANCED,9,A,LARCENY/ THEFT OFFENSES,1
THEFT FROM PERSON-PICKPOCKE,706,A,LARCENY/ THEFT OFFENSES,1
THEFT FROM PERSON-PURSE SNATC,601,A,LARCENY/ THEFT OFFENSES,1
THEFT FROM PERSON-PURSE SNATCH ENHANCE,3,A,LARCENY/ THEFT OFFENSES,1
THEFT OF ANIMAL CATTLE/HORSE/EXOTIC (ATT) <$100K,1,A,LARCENY/ THEFT OFFENSES,1
THEFT OF ANIMAL CATTLE/HORSE/EXOTIC LIVESTOCK <$100K,8,A,LARCENY/ THEFT OFFENSES,1
THEFT OF ANIMAL CATTLE/HORSE/EXOTIC LIVESTOCK <$150K,17,A,LARCENY/ THEFT OFFENSES,1
THEFT OF CARGO > $200K (EMP) PC31.18(c4),6,A,ROBBERY,1
THEFT OF CARGO > $200K (NOT EMP) PC31.18(c4),4,A,ROBBERY,1
"THEFT OF CARGO > OR EQUAL $1,500 < $10K (EMP) PC31.18(c1)",6,A,ROBBERY,1
"THEFT OF CARGO > OR EQUAL $1,500 < $10K (NOT EMP) PC31.18(c1)",57,A,ROBBERY,1
THEFT OF CARGO > OR EQUAL $100K < $200K (EMP) PC31.18(c3),4,A,ROBBERY,1
THEFT OF CARGO > OR EQUAL $100K < $200K (NOT EMP) PC31.18(c3),4,A,ROBBERY,1
THEFT OF CARGO > OR EQUAL $10K < $100K (EMP) PC31.18(c2),10,A,ROBBERY,1
THEFT OF CARGO > OR EQUAL $10K < $100K (NOT EMP) PC31.18(c2),35,A,ROBBERY,1
THEFT OF CATTLE/HORSE/EXOTIC LIVESTOCK (ATT) <$150K PC31.03(e5A),1,A,LARCENY/ THEFT OFFENSES,1
THEFT OF CATTLE/HORSE/EXOTIC LIVESTOCK <$150K PC31.03(e5A),13,A,LARCENY/ THEFT OFFENSES,1
THEFT OF DL/COMM DL/ID CERTIFICATE,165,A,LARCENY/ THEFT OFFENSES,1
THEFT OF FIREARM,1104,A,LARCENY/ THEFT OFFENSES,1
THEFT OF FIREARM (ATT,4,A,LARCENY/ THEFT OFFENSES,1
THEFT OF FIREARM ENHANCED,1,A,LARCENY/ THEFT OFFENSES,1
THEFT OF MATERIAL (ATT) 50% ALUM/BRNZE/COPPER <20K ENH,14,A,LARCENY/ THEFT OFFENSES,1
THEFT OF MATERIAL (ATT) ALUM/BRNZE/COPPER <$20K PC31.03(e4F),5,A,LARCENY/ THEFT OFFENSES,1
THEFT OF MATERIAL 50% ALUM/BRNZE/COPPER  (ATT) <$20K,17,A,LARCENY/ THEFT OFFENSES,1
THEFT OF MATERIAL 50% ALUM/BRNZE/COPPER <$20K,626,A,LARCENY/ THEFT OFFENSES,1
THEFT OF MATERIAL 50% ALUM/BRNZE/COPPER <$20K ENH,12,A,LARCENY/ THEFT OFFENSES,1
THEFT OF MATERIAL ALUM/BRNZE/COPPER <$20K ENH PC31.03(f),11,A,LARCENY/ THEFT OFFENSES,1
THEFT OF MATERIAL ALUM/BRNZE/COPPER <$20K PC31.03(e4F),300,A,LARCENY/ THEFT OFFENSES,1
THEFT OF PROP $100 BUT <$750 ENH (BY EMPLOYEE),7,A,LARCENY/ THEFT OFFENSES,1
THEFT OF PROP $100 BUT <$750 ENH-NOT SHOPLIF,58,A,LARCENY/ THEFT OFFENSES,1
THEFT OF PROP $20 BUT <$500 BY CHECK ENH,12,A,LARCENY/ THEFT OFFENSES,1
THEFT OF PROP $50 BUT <$500 ENH (BY EMPLOYEE),15,A,LARCENY/ THEFT OFFENSES,1
THEFT OF PROP $50 BUT <$500 ENH-NOT SHOPLIF,105,A,LARCENY/ THEFT OFFENSES,1
THEFT OF PROP $500 BUT <$1500 ENH  -NOT SHOPLIFT,100,A,LARCENY/ THEFT OFFENSES,1
THEFT OF PROP $500 BUT <$1500 ENH (BY EMPLOYEE),11,A,LARCENY/ THEFT OFFENSES,1
THEFT OF PROP $750 BUT <$2500 ENH  -NOT SHOPLIFT,48,A,LARCENY/ THEFT OFFENSES,1
THEFT OF PROP $750 BUT <$2500 ENH (BY EMPLOYEE),8,A,LARCENY/ THEFT OFFENSES,1
THEFT OF PROP (ATT) $100 BUT <$750 ENH (NOT EMPLOYEE),7,A,LARCENY/ THEFT OFFENSES,1
THEFT OF PROP (ATT) $50 BUT <$500 ENH (BY EMPLOYEE),1,A,LARCENY/ THEFT OFFENSES,1
THEFT OF PROP (ATT) $50 BUT <$500 ENH (NOT EMPLOYEE),10,A,LARCENY/ THEFT OFFENSES,1
THEFT OF PROP (ATT) $500 BUT <$1500 ENH (BY EMPLOYEE),4,A,LARCENY/ THEFT OFFENSES,1
THEFT OF PROP (ATT) $500 BUT <$1500 ENH(NOT EMPLOYEE),10,A,LARCENY/ THEFT OFFENSES,1
THEFT OF PROP (ATT) $750 BUT <$2500 ENH(NOT EMPLOYEE),1,A,LARCENY/ THEFT OFFENSES,1
"THEFT OF PROP (ATT) <$1,500  2+ PREV CONV (NOT EMP)",1,A,LARCENY/ THEFT OFFENSES,1
THEFT OF PROP (ATT) <$100 (BY EMPLOYEE),3,A,LARCENY/ THEFT OFFENSES,1
THEFT OF PROP (ATT) <$100 (NOT  EMPLOYEE),76,A,LARCENY/ THEFT OFFENSES,1
THEFT OF PROP (ATT) <$100 ENH (NOT EMPLOYEE),4,A,LARCENY/ THEFT OFFENSES,1
THEFT OF PROP (ATT) <$100 W/PREV CONV (NOT EMP) PC31.03(e2B),2,A,LARCENY/ THEFT OFFENSES,1
THEFT OF PROP (ATT) <$1500 2+ CONV ENH (BY EMP),1,A,LARCENY/ THEFT OFFENSES,1
THEFT OF PROP (ATT) <$1500 2+ CONV ENH (NOT BY EMP),4,A,LARCENY/ THEFT OFFENSES,1
"THEFT OF PROP (ATT) <$2,500  2+ PREV CONV (NOT EMP)",1,A,LARCENY/ THEFT OFFENSES,1
"THEFT OF PROP (ATT) <$2,500 2+CONV ENH (NOT EMP) PC31.03(f)",3,A,LARCENY/ THEFT OFFENSES,1
"THEFT OF PROP (ATT) <$2,500 2+PREV CONV (NOT EMP) PC31.03 (e4D)",1,A,LARCENY/ THEFT OFFENSES,1
THEFT OF PROP (ATT) <$2500 2+ CONV ENH (NOT BY EMP),1,A,LARCENY/ THEFT OFFENSES,1
THEFT OF PROP (ATT) <$50 (BY EMPLOYEE),5,A,LARCENY/ THEFT OFFENSES,1
THEFT OF PROP (ATT) <$50 (NOT  EMPLOYEE),28,A,LARCENY/ THEFT OFFENSES,1
THEFT OF PROP (ATT) <$50 ENH (NOT EMPLOYEE),1,A,LARCENY/ THEFT OFFENSES,1
THEFT OF PROP (ATT) > OR EQUAL  $1500 BUT <$20K ENH (BY EMP),3,A,LARCENY/ THEFT OFFENSES,1
"THEFT OF PROP (ATT) > OR EQUAL $1,500 BUT <$20K (BY EMP",9,A,LARCENY/ THEFT OFFENSES,1
"THEFT OF PROP (ATT) > OR EQUAL $1,500 BUT <$20K (NOT EMP",44,A,LARCENY/ THEFT OFFENSES,1
THEFT OF PROP (ATT) > OR EQUAL $100 <$750 (EMP) PC31.03(e2A),4,A,LARCENY/ THEFT OFFENSES,1
THEFT OF PROP (ATT) > OR EQUAL $100 <$750 (NOT EMP) PC31.03(e2A),50,A,LARCENY/ THEFT OFFENSES,1
THEFT OF PROP (ATT) > OR EQUAL $100 <$750 ENH (NOT EMP) PC31.03(f),7,A,LARCENY/ THEFT OFFENSES,1
THEFT OF PROP (ATT) > OR EQUAL $100 BUT <$750 (BY EMP),4,A,LARCENY/ THEFT OFFENSES,1
THEFT OF PROP (ATT) > OR EQUAL $100 BUT <$750 (NOT EMP,31,A,LARCENY/ THEFT OFFENSES,1
THEFT OF PROP (ATT) > OR EQUAL $100K<$200K (NOT EMP),9,A,LARCENY/ THEFT OFFENSES,1
THEFT OF PROP (ATT) > OR EQUAL $1500 BUT <$20K ENH(NOT EMP,6,A,LARCENY/ THEFT OFFENSES,1
THEFT OF PROP (ATT) > OR EQUAL $150K <$300K (EMP) PC31.03(e6A),1,A,LARCENY/ THEFT OFFENSES,1
THEFT OF PROP (ATT) > OR EQUAL $150K <$300K (NOT EMP) PC31.03(e6A),1,A,LARCENY/ THEFT OFFENSES,1
THEFT OF PROP (ATT) > OR EQUAL $150K<$300K (NOT EMP),4,A,LARCENY/ THEFT OFFENSES,1
"THEFT OF PROP (ATT) > OR EQUAL $2,500 <$30K (EMP) PC31.03(e4A)",2,A,LARCENY/ THEFT OFFENSES,1
"THEFT OF PROP (ATT) > OR EQUAL $2,500 <$30K (NOT EMP) PC31.03(e4A)",20,A,LARCENY/ THEFT OFFENSES,1
"THEFT OF PROP (ATT) > OR EQUAL $2,500 BUT <$30K (BY EMP",2,A,LARCENY/ THEFT OFFENSES,1
"THEFT OF PROP (ATT) > OR EQUAL $2,500 BUT <$30K (NOT EMP",31,A,LARCENY/ THEFT OFFENSES,1
THEFT OF PROP (ATT) > OR EQUAL $200K (BY EMPLOYEE),1,A,LARCENY/ THEFT OFFENSES,1
THEFT OF PROP (ATT) > OR EQUAL $200K (NOT EMPLOYEE),1,A,LARCENY/ THEFT OFFENSES,1
THEFT OF PROP (ATT) > OR EQUAL $20K<$100K (NOT EMP),6,A,LARCENY/ THEFT OFFENSES,1
THEFT OF PROP (ATT) > OR EQUAL $20K<$100K ENH (NOT EMP),1,A,LARCENY/ THEFT OFFENSES,1
THEFT OF PROP (ATT) > OR EQUAL $30K <$150K (EMP) PC31.03(e5),1,A,LARCENY/ THEFT OFFENSES,1
THEFT OF PROP (ATT) > OR EQUAL $30K <$150K (NOT EMP) PC31.03(e5),9,A,LARCENY/ THEFT OFFENSES,1
THEFT OF PROP (ATT) > OR EQUAL $30K<$150K (NOT EMP),3,A,LARCENY/ THEFT OFFENSES,1
THEFT OF PROP (ATT) > OR EQUAL $30K<$150K ENH (NOT EMP),1,A,LARCENY/ THEFT OFFENSES,1
THEFT OF PROP (ATT) > OR EQUAL $50 BUT <$500 (BY EMP),4,A,LARCENY/ THEFT OFFENSES,1
THEFT OF PROP (ATT) > OR EQUAL $50 BUT <$500 (NOT EMP,63,A,LARCENY/ THEFT OFFENSES,1
"THEFT OF PROP (ATT) > OR EQUAL $500 BUT <$1,500 (BY EMP)",5,A,LARCENY/ THEFT OFFENSES,1
"THEFT OF PROP (ATT) > OR EQUAL $500 BUT <$1,500 (NOT EMP)",24,A,LARCENY/ THEFT OFFENSES,1
"THEFT OF PROP (ATT) > OR EQUAL $750 <$2,500 (NOT EMP) PC31.03 (e3)",16,A,LARCENY/ THEFT OFFENSES,1
"THEFT OF PROP (ATT) > OR EQUAL $750 <$2,500 ENH (NOT EMP) PC31.03(f)",1,A,LARCENY/ THEFT OFFENSES,1
"THEFT OF PROP (ATT) > OR EQUAL $750 BUT <$2,500 (BY EMP)",2,A,LARCENY/ THEFT OFFENSES,1
"THEFT OF PROP (ATT) > OR EQUAL $750 BUT <$2,500 (NOT EMP)",24,A,LARCENY/ THEFT OFFENSES,1
THEFT OF PROP (AUTO ACC) $100 BUT <$750 ENH  -(BY EMP),1,A,LARCENY/ THEFT OFFENSES,1
THEFT OF PROP (AUTO ACC) $100 BUT <$750 ENH - (NOT EMP,36,A,LARCENY/ THEFT OFFENSES,1
THEFT OF PROP (AUTO ACC) $50 BUT <$500 ENH  -(BY EMP),3,A,LARCENY/ THEFT OFFENSES,1
THEFT OF PROP (AUTO ACC) $50 BUT <$500 ENH - (NOT EMP,52,A,LARCENY/ THEFT OFFENSES,1
THEFT OF PROP (AUTO ACC) $500 BUT <$1500 ENH  -(BY EMP),6,A,LARCENY/ THEFT OFFENSES,1
THEFT OF PROP (AUTO ACC) $500 BUT <$1500 ENH - (NOT EMP),48,A,LARCENY/ THEFT OFFENSES,1
THEFT OF PROP (AUTO ACC) $750 BUT <$2500 ENH - (NOT EMP),34,A,LARCENY/ THEFT OFFENSES,1
THEFT OF PROP (AUTO ACC) < $50-W/ 2+ CONV (NOT EMP),1,A,LARCENY/ THEFT OFFENSES,1
THEFT OF PROP (AUTO ACC) <$100  - (BY EMPLOYEE),3,A,LARCENY/ THEFT OFFENSES,1
THEFT OF PROP (AUTO ACC) <$100 - (NOT EMP),5592,A,LARCENY/ THEFT OFFENSES,1
THEFT OF PROP (AUTO ACC) <$100 ENH - (NOT EMP),3,A,LARCENY/ THEFT OFFENSES,1
THEFT OF PROP (AUTO ACC) <$100 ENH (BY EMP) PC31.03(f),3,A,LARCENY/ THEFT OFFENSES,1
THEFT OF PROP (AUTO ACC) <$100 ENH (NOT EMP) PC31.03(f),4,A,LARCENY/ THEFT OFFENSES,1
THEFT OF PROP (AUTO ACC) <$100 W/PREV CONV (EMP) PC31.03 (e2B),1,A,LARCENY/ THEFT OFFENSES,1
"THEFT OF PROP (AUTO ACC) <$2,500 2+ PREV CONV (NOT  EMP) PC31.03 (e4D)",1,A,LARCENY/ THEFT OFFENSES,1
"THEFT OF PROP (AUTO ACC) <$2,500 2+ PREV CONV (NOT  EMP)(P.C. 31.03 E4D)",1,A,LARCENY/ THEFT OFFENSES,1
THEFT OF PROP (AUTO ACC) <$50  - (BY EMPLOYEE),2,A,LARCENY/ THEFT OFFENSES,1
THEFT OF PROP (AUTO ACC) <$50 - (NOT EMP),654,A,LARCENY/ THEFT OFFENSES,1
THEFT OF PROP (AUTO ACC) <$50 ENH - (NOT EMP),6,A,LARCENY/ THEFT OFFENSES,1
"THEFT OF PROP (AUTO ACC) > OR EQUAL $1,500 BUT <$20K(BY EMP",16,A,LARCENY/ THEFT OFFENSES,1
"THEFT OF PROP (AUTO ACC) > OR EQUAL $1,500 BUT<$20K (NOT EMP",749,A,LARCENY/ THEFT OFFENSES,1
THEFT OF PROP (AUTO ACC) > OR EQUAL $100 <$750 (EMP) PC31.03(e2A),56,A,LARCENY/ THEFT OFFENSES,1
THEFT OF PROP (AUTO ACC) > OR EQUAL $100 <$750 (NOT EMP)PC31.03(e2A),2526,A,LARCENY/ THEFT OFFENSES,1
THEFT OF PROP (AUTO ACC) > OR EQUAL $100 BUT <$750-(BY EMP,28,A,LARCENY/ THEFT OFFENSES,1
THEFT OF PROP (AUTO ACC) > OR EQUAL $100 BUT<$750(NOT EMP,1778,A,LARCENY/ THEFT OFFENSES,1
THEFT OF PROP (AUTO ACC) > OR EQUAL $1500 BUT<$20K ENH(BY EMP),1,A,LARCENY/ THEFT OFFENSES,1
THEFT OF PROP (AUTO ACC) > OR EQUAL $1500 BUT<$20K ENH(NOT EMP),26,A,LARCENY/ THEFT OFFENSES,1
THEFT OF PROP (AUTO ACC) > OR EQUAL $150K <$300K (NOT EMP) PC 31.03(e6A),4,A,LARCENY/ THEFT OFFENSES,1
THEFT OF PROP (AUTO ACC) > OR EQUAL $150K <$300K ENH (NOT EMP) PC31.03(f),1,A,LARCENY/ THEFT OFFENSES,1
THEFT OF PROP (AUTO ACC) > OR EQUAL $150K<$300K -(BY EMP),1,A,LARCENY/ THEFT OFFENSES,1
THEFT OF PROP (AUTO ACC) > OR EQUAL $150K<$300K -(NOT EMP),1,A,LARCENY/ THEFT OFFENSES,1
"THEFT OF PROP (AUTO ACC) > OR EQUAL $2,500 <$30K (NOT EMP) PC31.03(e4A)",1610,A,LARCENY/ THEFT OFFENSES,1
"THEFT OF PROP (AUTO ACC) > OR EQUAL $2,500 <$30K ENH (NOT EMP) PC31.03(f)",14,A,LARCENY/ THEFT OFFENSES,1
"THEFT OF PROP (AUTO ACC) > OR EQUAL $2,500 <$30K(EMP) PC31.03(e4A)",16,A,LARCENY/ THEFT OFFENSES,1
"THEFT OF PROP (AUTO ACC) > OR EQUAL $2,500 BUT <$30K(BY EMP",17,A,LARCENY/ THEFT OFFENSES,1
"THEFT OF PROP (AUTO ACC) > OR EQUAL $2,500 BUT<$30K (NOT EMP",906,A,LARCENY/ THEFT OFFENSES,1
THEFT OF PROP (AUTO ACC) > OR EQUAL $200K - (NOT EMP),3,A,LARCENY/ THEFT OFFENSES,1
THEFT OF PROP (AUTO ACC) > OR EQUAL $20K<$100K  - (BY EMP),1,A,LARCENY/ THEFT OFFENSES,1
THEFT OF PROP (AUTO ACC) > OR EQUAL $20K<$100K - (NOT  EMP,4,A,LARCENY/ THEFT OFFENSES,1
THEFT OF PROP (AUTO ACC) > OR EQUAL $20K<$100K ENH - (NOT EMP,1,A,LARCENY/ THEFT OFFENSES,1
THEFT OF PROP (AUTO ACC) > OR EQUAL $2500 BUT<$30K ENH(BY EMP),4,A,LARCENY/ THEFT OFFENSES,1
THEFT OF PROP (AUTO ACC) > OR EQUAL $2500 BUT<$30K ENH(NOT EMP),11,A,LARCENY/ THEFT OFFENSES,1
THEFT OF PROP (AUTO ACC) > OR EQUAL $300K - (NOT EMP),2,A,LARCENY/ THEFT OFFENSES,1
THEFT OF PROP (AUTO ACC) > OR EQUAL $300K (NOT EMP) PC31.03(e7),2,A,LARCENY/ THEFT OFFENSES,1
THEFT OF PROP (AUTO ACC) > OR EQUAL $30K <$150K (NOT EMP) PC31.03(e5),10,A,LARCENY/ THEFT OFFENSES,1
THEFT OF PROP (AUTO ACC) > OR EQUAL $30K<$150K  - (BY EMP),1,A,LARCENY/ THEFT OFFENSES,1
THEFT OF PROP (AUTO ACC) > OR EQUAL $30K<$150K - (NOT  EMP,6,A,LARCENY/ THEFT OFFENSES,1
THEFT OF PROP (AUTO ACC) > OR EQUAL $50 BUT <$500-(BY EMP,9,A,LARCENY/ THEFT OFFENSES,1
THEFT OF PROP (AUTO ACC) > OR EQUAL $50 BUT<$500(NOT EMP,576,A,LARCENY/ THEFT OFFENSES,1
"THEFT OF PROP (AUTO ACC) > OR EQUAL $500 BUT <$1,500 (NOT EMP",822,A,LARCENY/ THEFT OFFENSES,1
"THEFT OF PROP (AUTO ACC) > OR EQUAL $500 BUT <$1,500-(BY EMP",22,A,LARCENY/ THEFT OFFENSES,1
"THEFT OF PROP (AUTO ACC) > OR EQUAL $750 <$2,500 (EMP) PC31.03(e3)",18,A,LARCENY/ THEFT OFFENSES,1
"THEFT OF PROP (AUTO ACC) > OR EQUAL $750 <$2,500 (NOT EMP) PC31.03 (e3)",3030,A,LARCENY/ THEFT OFFENSES,1
"THEFT OF PROP (AUTO ACC) > OR EQUAL $750 <$2,500 ENH (EMP) PC31.03(f)",3,A,LARCENY/ THEFT OFFENSES,1
"THEFT OF PROP (AUTO ACC) > OR EQUAL $750 <$2,500 ENH (NOT EMP) PC 31.03(f)",17,A,LARCENY/ THEFT OFFENSES,1
"THEFT OF PROP (AUTO ACC) > OR EQUAL $750 BUT <$2,500 (NOT EMP",1704,A,LARCENY/ THEFT OFFENSES,1
"THEFT OF PROP (AUTO ACC) > OR EQUAL $750 BUT <$2,500-(BY EMP",13,A,LARCENY/ THEFT OFFENSES,1
THEFT OF PROP (AUTO ACC) >OR EQUAL $100 <$750 ENH (EMP) PC31.03(f),1,A,LARCENY/ THEFT OFFENSES,1
THEFT OF PROP (AUTO ACC) >OR EQUAL $100 <$750 ENH (NOT EMP) PC31.03(f),24,A,LARCENY/ THEFT OFFENSES,1
"THEFT OF PROP <$1,500  2/MORE PREV CONV (BY EMP)",1,A,LARCENY/ THEFT OFFENSES,1
"THEFT OF PROP <$1,500 2/MORE PREV CONV - NOT SHOPLIFT",32,A,LARCENY/ THEFT OFFENSES,1
"THEFT OF PROP <$1,500 2+ PREV CONVIC -SHOPLFT-(NOT EMP)",188,A,LARCENY/ THEFT OFFENSES,1
THEFT OF PROP <$100 - OTHER THAN SHOPLIFT,6169,A,LARCENY/ THEFT OFFENSES,1
THEFT OF PROP <$100 (BY EMPLOYEE),156,A,LARCENY/ THEFT OFFENSES,1
THEFT OF PROP <$100 ENH (EMPLOYEE) PC31.03(f),1,A,LARCENY/ THEFT OFFENSES,1
THEFT OF PROP <$100 ENH (NOT SHOPLIFT) PC31.03(f),5,A,LARCENY/ THEFT OFFENSES,1
THEFT OF PROP <$100 ENH (SHOPLIFT-NOT EMP) PC31.03(f),7,A,LARCENY/ THEFT OFFENSES,1
THEFT OF PROP <$100 ENH -NOT SHOPLIFT,4,A,LARCENY/ THEFT OFFENSES,1
THEFT OF PROP <$100 ENH -SHOPLIFTING -  (NOT BY EMP),11,A,LARCENY/ THEFT OFFENSES,1
THEFT OF PROP <$100 -SHOPLIFTING - (NOT BY EMPLOYEE),1778,A,LARCENY/ THEFT OFFENSES,1
THEFT OF PROP <$100 W/PREV CONV (EMPLOYEE) PC31.03(e2B),1,A,LARCENY/ THEFT OFFENSES,1
THEFT OF PROP <$100 W/PREV CONV (NOT SHOPLIFT) PC31.03(e2B),4,A,LARCENY/ THEFT OFFENSES,1
THEFT OF PROP <$100 W/PREV CONV (SHOPLIFT-NOT EMP) PC31.03(e2B),18,A,LARCENY/ THEFT OFFENSES,1
THEFT OF PROP <$100 W/PREV CONV ENH (NOT SHOPLIFT) PC31.03(f),5,A,LARCENY/ THEFT OFFENSES,1
THEFT OF PROP <$100 W/PREV CONV ENH (SHOPLIFT-NOT EMP) PC31.03(f),7,A,LARCENY/ THEFT OFFENSES,1
THEFT OF PROP <$100 W/PREV CONV ENH -SHOPLIFT -  (NOT BY EMP,11,A,LARCENY/ THEFT OFFENSES,1
THEFT OF PROP <$100 W/PREV CONVIC -SHOPLIFT-(NOT BY EMP),2,A,LARCENY/ THEFT OFFENSES,1
THEFT OF PROP <$100-OTH THAN SHOPLIFT W/PREV CONVIC ENH,2,A,LARCENY/ THEFT OFFENSES,1
THEFT OF PROP <$100-OTH THAN SHOPLIFT-W/PREV CONV,4,A,LARCENY/ THEFT OFFENSES,1
THEFT OF PROP <$1500 2+ CONV ENH  - NOT SHOPLIFT,11,A,LARCENY/ THEFT OFFENSES,1
THEFT OF PROP <$1500 2+ CONV ENH-SHOPLIFT - (NOT EMP),58,A,LARCENY/ THEFT OFFENSES,1
"THEFT OF PROP <$2,500 2+CONV ENH (NOT SHOPLIFT) PC31.03(f)",12,A,LARCENY/ THEFT OFFENSES,1
"THEFT OF PROP <$2,500 2+CONV ENH (SHOPLIFT-NOT EMP) PC31.03(f)",65,A,LARCENY/ THEFT OFFENSES,1
"THEFT OF PROP <$2,500 2+PREV CONV (EMPLOYEE) PC31.03(e4D)",3,A,LARCENY/ THEFT OFFENSES,1
"THEFT OF PROP <$2,500 2+PREV CONV (NOT SHOPLIFT) PC31.03 (e4D)",39,A,LARCENY/ THEFT OFFENSES,1
"THEFT OF PROP <$2,500 2+PREV CONV (SHOPLFT-NOT EMP) PC31.03(e4D)",178,A,LARCENY/ THEFT OFFENSES,1
THEFT OF PROP <$2500  2/MORE PREV CONV (BY EMP),3,A,LARCENY/ THEFT OFFENSES,1
THEFT OF PROP <$2500 2/MORE PREV CONV - NOT SHOPLIFT,36,A,LARCENY/ THEFT OFFENSES,1
THEFT OF PROP <$2500 2+ CONV ENH  - NOT SHOPLIFT,11,A,LARCENY/ THEFT OFFENSES,1
THEFT OF PROP <$2500 2+ CONV ENH-SHOPLIFT - (NOT EMP),86,A,LARCENY/ THEFT OFFENSES,1
THEFT OF PROP <$2500 2+ PREV CONVIC -SHOPLFT-(NOT EMP),167,A,LARCENY/ THEFT OFFENSES,1
THEFT OF PROP <$300K ATM,23,A,LARCENY/ THEFT OFFENSES,1
THEFT OF PROP <$50 - OTHER THAN SHOPLIFT,769,A,LARCENY/ THEFT OFFENSES,1
THEFT OF PROP <$50 (BY EMPLOYEE),17,A,LARCENY/ THEFT OFFENSES,1
THEFT OF PROP <$50 ENH (BY EMPLOYEE),1,A,LARCENY/ THEFT OFFENSES,1
THEFT OF PROP <$50 ENH -NOT SHOPLIFT,2,A,LARCENY/ THEFT OFFENSES,1
THEFT OF PROP <$50 ENH -SHOPLIFTING -  (NOT BY EMP),30,A,LARCENY/ THEFT OFFENSES,1
THEFT OF PROP <$50 -SHOPLIFTING - (NOT BY EMPLOYEE),239,A,LARCENY/ THEFT OFFENSES,1
THEFT OF PROP <$50 W/PREV CONV ENH -SHOPLIFT -  (NOT BY EMP,6,A,LARCENY/ THEFT OFFENSES,1
THEFT OF PROP <$50 W/PREV CONVIC -SHOPLIFT-(NOT BY EMP),8,A,LARCENY/ THEFT OFFENSES,1
"THEFT OF PROP > OR EQUAL $1,500 BUT  <$20K (BY EMPLOYEE)",178,A,LARCENY/ THEFT OFFENSES,1
"THEFT OF PROP > OR EQUAL $1,500 BUT <$20K- NOT SHOPLIFT",1650,A,LARCENY/ THEFT OFFENSES,1
"THEFT OF PROP > OR EQUAL $1,500 BUT <$20K -SHOPLIFT(NOT EMP",175,A,LARCENY/ THEFT OFFENSES,1
THEFT OF PROP > OR EQUAL $100 <$750 (EMPLOYEE) PC31.03(e2A),340,A,LARCENY/ THEFT OFFENSES,1
THEFT OF PROP > OR EQUAL $100 <$750 (NOT SHOPLIFT) PC31.03(e2A),8932,A,LARCENY/ THEFT OFFENSES,1
THEFT OF PROP > OR EQUAL $100 <$750 (SHOPLIFT-NOT EMP) PC31.03(e2A),3451,A,LARCENY/ THEFT OFFENSES,1
THEFT OF PROP > OR EQUAL $100 <$750 ENH (EMPLOYEE) PC31.03(f),1,A,LARCENY/ THEFT OFFENSES,1
THEFT OF PROP > OR EQUAL $100 <$750 ENH (NOT SHOPLIFT) PC31.03(f),42,A,LARCENY/ THEFT OFFENSES,1
THEFT OF PROP > OR EQUAL $100 <$750 ENH (SHOPLIFT-NOT EMP) PC31.03(f),81,A,LARCENY/ THEFT OFFENSES,1
THEFT OF PROP > OR EQUAL $100 BUT <$750 (BY EMPLOYEE),387,A,LARCENY/ THEFT OFFENSES,1
THEFT OF PROP > OR EQUAL $100 BUT <$750- NOT SHOPLIFT,7034,A,LARCENY/ THEFT OFFENSES,1
THEFT OF PROP > OR EQUAL $100 BUT <$750 -SHOPLIFT (NOT EMP,2136,A,LARCENY/ THEFT OFFENSES,1
THEFT OF PROP > OR EQUAL $100K<$200K (BY EMPLOYEE),7,A,LARCENY/ THEFT OFFENSES,1
THEFT OF PROP > OR EQUAL $100K<$200K-OTHER THAN SHOPLIFT,27,A,LARCENY/ THEFT OFFENSES,1
THEFT OF PROP > OR EQUAL $1500 BUT <$20K ENH (BY EMPLOYEE),5,A,LARCENY/ THEFT OFFENSES,1
THEFT OF PROP > OR EQUAL $1500 BUT <$20K ENH -NOT SHOPLIFT,27,A,LARCENY/ THEFT OFFENSES,1
THEFT OF PROP > OR EQUAL $1500 BUT <$20K ENH -SHOPLIFT-(NOT EMP,5,A,LARCENY/ THEFT OFFENSES,1
THEFT OF PROP > OR EQUAL $150K <$300K (EMPLOYEE) PC31.03(e6A),7,A,LARCENY/ THEFT OFFENSES,1
THEFT OF PROP > OR EQUAL $150K <$300K (NOT SHOPLIFT) PC31.03(e6A),43,A,LARCENY/ THEFT OFFENSES,1
THEFT OF PROP > OR EQUAL $150K <$300K (SHOPLIFT-NOT EMP) PC31.03(e6A),3,A,LARCENY/ THEFT OFFENSES,1
THEFT OF PROP > OR EQUAL $150K <$300K ENH (NOT SHOPLIFT) PC31.03(f),2,A,LARCENY/ THEFT OFFENSES,1
THEFT OF PROP > OR EQUAL $150K <$300K ENH (SHOPLIFT-NOT EMP) PC31.03(f),1,A,LARCENY/ THEFT OFFENSES,1
THEFT OF PROP > OR EQUAL $150K<$300K (BY EMPLOYEE),18,A,LARCENY/ THEFT OFFENSES,1
THEFT OF PROP > OR EQUAL $150K<$300K ENH-NOT SHOPLIFT,1,A,LARCENY/ THEFT OFFENSES,1
THEFT OF PROP > OR EQUAL $150K<$300K -SHOPLIFT  (NOT EMP),1,A,LARCENY/ THEFT OFFENSES,1
THEFT OF PROP > OR EQUAL $150K<$300K-OTHER THAN SHOPLIFT,30,A,LARCENY/ THEFT OFFENSES,1
"THEFT OF PROP > OR EQUAL $2,500 <$30K (EMPLOYEE) PC31.03(e4A)",289,A,LARCENY/ THEFT OFFENSES,1
"THEFT OF PROP > OR EQUAL $2,500 <$30K (NOT SHOPLIFT) PC31.03(e4A)",4688,A,LARCENY/ THEFT OFFENSES,1
"THEFT OF PROP > OR EQUAL $2,500 <$30K (SHOPLIFT-NOT EMP) PC31.03 (e4A)",673,A,LARCENY/ THEFT OFFENSES,1
"THEFT OF PROP > OR EQUAL $2,500 <$30K ENH (EMPLOYEE) PC31.03(f)",2,A,LARCENY/ THEFT OFFENSES,1
"THEFT OF PROP > OR EQUAL $2,500 <$30K ENH (NOT SHOPLIFT) PC31.03(f)",38,A,LARCENY/ THEFT OFFENSES,1
"THEFT OF PROP > OR EQUAL $2,500 BUT  <$30K (BY EMPLOYEE)",324,A,LARCENY/ THEFT OFFENSES,1
"THEFT OF PROP > OR EQUAL $2,500 BUT <$30K- NOT SHOPLIFT",2461,A,LARCENY/ THEFT OFFENSES,1
"THEFT OF PROP > OR EQUAL $2,500 BUT <$30K -SHOPLIFT(NOT EMP",226,A,LARCENY/ THEFT OFFENSES,1
THEFT OF PROP > OR EQUAL $20 BUT <$500 BY CHECK,8,A,LARCENY/ THEFT OFFENSES,1
THEFT OF PROP > OR EQUAL $20 BUT <$500 BY CHECK ENH,1,A,LARCENY/ THEFT OFFENSES,1
THEFT OF PROP > OR EQUAL $200K (BY EMPLOYEE),5,A,LARCENY/ THEFT OFFENSES,1
THEFT OF PROP > OR EQUAL $200K-OTHER THAN SHOPLIFT,8,A,LARCENY/ THEFT OFFENSES,1
THEFT OF PROP > OR EQUAL $20K<$100K (BY EMPLOYEE),32,A,LARCENY/ THEFT OFFENSES,1
THEFT OF PROP > OR EQUAL $20K<$100K ENH- NOT SHOPLIFT,5,A,LARCENY/ THEFT OFFENSES,1
THEFT OF PROP > OR EQUAL $20K<$100K- NOT SHOPLIFT,203,A,LARCENY/ THEFT OFFENSES,1
THEFT OF PROP > OR EQUAL $20K<$100K SHOPLIFT (NOT BY EMP),9,A,LARCENY/ THEFT OFFENSES,1
THEFT OF PROP > OR EQUAL $2500 <$30K ENH (SHOPLIFT-NOT EMP) PC31.03f),3,A,LARCENY/ THEFT OFFENSES,1
THEFT OF PROP > OR EQUAL $2500 BUT <$30K ENH (BY EMPLOYEE),4,A,LARCENY/ THEFT OFFENSES,1
THEFT OF PROP > OR EQUAL $2500 BUT <$30K ENH -NOT SHOPLIFT,25,A,LARCENY/ THEFT OFFENSES,1
THEFT OF PROP > OR EQUAL $2500 BUT <$30K ENH -SHOPLIFT-(NOT EMP,5,A,LARCENY/ THEFT OFFENSES,1
THEFT OF PROP > OR EQUAL $300K (BY EMPLOYEE),8,A,LARCENY/ THEFT OFFENSES,1
THEFT OF PROP > OR EQUAL $300K (EMPLOYEE) PC31.03(e7),11,A,LARCENY/ THEFT OFFENSES,1
THEFT OF PROP > OR EQUAL $300K (NOT SHOPLIFT) PC 31.03(e7),13,A,LARCENY/ THEFT OFFENSES,1
THEFT OF PROP > OR EQUAL $300K (SHOPLIFT-NOT BY EMP) PC31.03(e7),1,A,LARCENY/ THEFT OFFENSES,1
THEFT OF PROP > OR EQUAL $300K-OTHER THAN SHOPLIFT,5,A,LARCENY/ THEFT OFFENSES,1
THEFT OF PROP > OR EQUAL $30K <$150K (EMPLOYEE) PC31.03(e5),47,A,LARCENY/ THEFT OFFENSES,1
THEFT OF PROP > OR EQUAL $30K <$150K (NOT SHOPLIFT) PC31.03(e5),529,A,LARCENY/ THEFT OFFENSES,1
THEFT OF PROP > OR EQUAL $30K <$150K (SHOPLIFT-NOT EMP) PC31.03(e5),12,A,LARCENY/ THEFT OFFENSES,1
THEFT OF PROP > OR EQUAL $30K <$150K ENH (EMPLOYEE) PC31.03(f),3,A,LARCENY/ THEFT OFFENSES,1
THEFT OF PROP > OR EQUAL $30K <$150K ENH (NOT SHOPLIFT) PC31.03(f),6,A,LARCENY/ THEFT OFFENSES,1
THEFT OF PROP > OR EQUAL $30K<$150K (BY EMPLOYEE),62,A,LARCENY/ THEFT OFFENSES,1
THEFT OF PROP > OR EQUAL $30K<$150K ENH (BY EMPLOYEE),1,A,LARCENY/ THEFT OFFENSES,1
THEFT OF PROP > OR EQUAL $30K<$150K ENH- NOT SHOPLIFT,3,A,LARCENY/ THEFT OFFENSES,1
THEFT OF PROP > OR EQUAL $30K<$150K- NOT SHOPLIFT,297,A,LARCENY/ THEFT OFFENSES,1
THEFT OF PROP > OR EQUAL $30K<$150K SHOPLIFT (NOT BY EMP),4,A,LARCENY/ THEFT OFFENSES,1
THEFT OF PROP > OR EQUAL $50 BUT <$500 (BY EMPLOYEE),164,A,LARCENY/ THEFT OFFENSES,1
THEFT OF PROP > OR EQUAL $50 BUT <$500- NOT SHOPLIFT,3207,A,LARCENY/ THEFT OFFENSES,1
THEFT OF PROP > OR EQUAL $50 BUT <$500 -SHOPLIFT (NOT EMP,2102,A,LARCENY/ THEFT OFFENSES,1
"THEFT OF PROP > OR EQUAL $500 BUT <$1,500 (BY EMPLOYEE)",137,A,LARCENY/ THEFT OFFENSES,1
"THEFT OF PROP > OR EQUAL $500 BUT <$1,500 (NOT SHOPLIFT)",1983,A,LARCENY/ THEFT OFFENSES,1
"THEFT OF PROP > OR EQUAL $500 BUT <$1,500 -SHOPLIFT (NOT EMP",429,A,LARCENY/ THEFT OFFENSES,1
"THEFT OF PROP > OR EQUAL $750 <$2,500 (EMPLOYEE) PC 31.03(e3)",300,A,LARCENY/ THEFT OFFENSES,1
"THEFT OF PROP > OR EQUAL $750 <$2,500 (NOT SHOPLIFT) PC31.03(e3)",5815,A,LARCENY/ THEFT OFFENSES,1
"THEFT OF PROP > OR EQUAL $750 <$2,500 (SHOPLIFT-NOT EMP) PC31.03(e3)",1369,A,LARCENY/ THEFT OFFENSES,1
"THEFT OF PROP > OR EQUAL $750 <$2,500 ENH (NOT SHOPLIFT) PC31.03(f)",30,A,LARCENY/ THEFT OFFENSES,1
"THEFT OF PROP > OR EQUAL $750 <$2,500 ENH (SHOPLIFT-NOT EMP) PC31.03(f)",17,A,LARCENY/ THEFT OFFENSES,1
"THEFT OF PROP > OR EQUAL $750 BUT <$2,500 (BY EMPLOYEE)",295,A,LARCENY/ THEFT OFFENSES,1
"THEFT OF PROP > OR EQUAL $750 BUT <$2,500 (NOT SHOPLIFT)",3042,A,LARCENY/ THEFT OFFENSES,1
"THEFT OF PROP > OR EQUAL $750 BUT <$2,500 -SHOPLIFT (NOT EMP",709,A,LARCENY/ THEFT OFFENSES,1
THEFT OF PROP >$100 BUT <$750 ENH -SHOPLIFT - NOT BY EMP,53,A,LARCENY/ THEFT OFFENSES,1
THEFT OF PROP >$50 BUT <$500 ENH -SHOPLIFT - NOT BY EMP,147,A,LARCENY/ THEFT OFFENSES,1
THEFT OF PROP >$500 BUT <$1500 ENH -SHOPLIFT-NOT BY EMP,19,A,LARCENY/ THEFT OFFENSES,1
THEFT OF PROP >$750 BUT <$2500 ENH -SHOPLIFT-NOT BY EMP,14,A,LARCENY/ THEFT OFFENSES,1
THEFT OF PROP GRAVE/HUMAN CORPSE/MILITARY MARKER,1,A,LARCENY/ THEFT OFFENSES,1
THEFT OF SERVICE (ATT) < $100,8,A,LARCENY/ THEFT OFFENSES,1
THEFT OF SERVICE (ATT) < $20,6,A,LARCENY/ THEFT OFFENSES,1
"THEFT OF SERVICE (ATT) > OR EQUAL $1,500 BUT <$20K",2,A,LARCENY/ THEFT OFFENSES,1
THEFT OF SERVICE (ATT) > OR EQUAL $100 <$750 PC31.04(e2),1,A,LARCENY/ THEFT OFFENSES,1
THEFT OF SERVICE (ATT) > OR EQUAL $20 BUT <$500,7,A,LARCENY/ THEFT OFFENSES,1
THEFT OF SERVICE (ATT) > OR EQUAL $300K PC31.04(e7),1,A,LARCENY/ THEFT OFFENSES,1
"THEFT OF SERVICE (ATT) > OR EQUAL $500 BUT <$1,500",2,A,LARCENY/ THEFT OFFENSES,1
THEFT OF SERVICE < $100,1197,A,LARCENY/ THEFT OFFENSES,1
THEFT OF SERVICE < $20,94,A,LARCENY/ THEFT OFFENSES,1
THEFT OF SERVICE > $200K,1,A,LARCENY/ THEFT OFFENSES,1
"THEFT OF SERVICE > OR EQUAL $1,500 BUT <$20K",94,A,LARCENY/ THEFT OFFENSES,1
THEFT OF SERVICE > OR EQUAL $100 <$750 PC31.04(e2),296,A,LARCENY/ THEFT OFFENSES,1
THEFT OF SERVICE > OR EQUAL $100 BUT <$750,207,A,LARCENY/ THEFT OFFENSES,1
THEFT OF SERVICE > OR EQUAL $100K BUT <$200K,1,A,LARCENY/ THEFT OFFENSES,1
"THEFT OF SERVICE > OR EQUAL $2,500 <$30K PC31.04(e4)",212,A,LARCENY/ THEFT OFFENSES,1
"THEFT OF SERVICE > OR EQUAL $2,500 BUT <$30K",107,A,LARCENY/ THEFT OFFENSES,1
THEFT OF SERVICE > OR EQUAL $20 BUT <$500,391,A,LARCENY/ THEFT OFFENSES,1
THEFT OF SERVICE > OR EQUAL $20K BUT <$100K,2,A,LARCENY/ THEFT OFFENSES,1
THEFT OF SERVICE > OR EQUAL $30K <$150K PC31.04(e5),21,A,LARCENY/ THEFT OFFENSES,1
THEFT OF SERVICE > OR EQUAL $30K BUT <$150K,1,A,LARCENY/ THEFT OFFENSES,1
"THEFT OF SERVICE > OR EQUAL $500 BUT <$1,500",48,A,LARCENY/ THEFT OFFENSES,1
"THEFT OF SERVICE > OR EQUAL $750 <$2,500 PC31.04(e3)",138,A,LARCENY/ THEFT OFFENSES,1
"THEFT OF SERVICE > OR EQUAL $750 BUT <$2,500",145,A,LARCENY/ THEFT OFFENSES,1
THEFT OF SERVICE -PRELIMINARY INVESTIGATION,13,A,LARCENY/ THEFT OFFENSES,1
THEFT OF TRADE SECRETS,1,A,LARCENY/ THEFT OFFENSES,1
THEFT OF U.S. MAIL,59,A,LARCENY/ THEFT OFFENSES,1
"THEFT ORG RETAIL - (BY EMP) > OR EQUAL $150,000<$300,000",2,A,LARCENY/ THEFT OFFENSES,1
"THEFT ORG RETAIL - (BY EMP) > OR EQUAL $20,000<$100,000",1,A,LARCENY/ THEFT OFFENSES,1
"THEFT ORG RETAIL - (BY EMP) > OR EQUAL $30,000<$150,000",1,A,LARCENY/ THEFT OFFENSES,1
THEFT ORG RETAIL - (BY EMP) EQUAL $50<$500,1,A,LARCENY/ THEFT OFFENSES,1
THEFT ORG RETAIL - (NOT EMP) EQUAL $100<$750,4,A,LARCENY/ THEFT OFFENSES,1
THEFT ORG RETAIL - (NOT EMP) EQUAL $50<$500,4,A,LARCENY/ THEFT OFFENSES,1
"THEFT ORG RETAIL -(BY EMP) >$1500<$20,000",5,A,LARCENY/ THEFT OFFENSES,1
"THEFT ORG RETAIL -(BY EMP) >$2500<$30,000",4,A,LARCENY/ THEFT OFFENSES,1
"THEFT ORG RETAIL -(NOT EMP)> $1500<$20,000",10,A,LARCENY/ THEFT OFFENSES,1
THEFT ORG RETAIL -(NOT EMP)> OR EQUAL $20K<$100,1,A,LARCENY/ THEFT OFFENSES,1
THEFT ORG RETAIL -(NOT EMP)> OR EQUAL $30K<$150,1,A,LARCENY/ THEFT OFFENSES,1
THEFT ORG RETAIL > OR EQUAL $100 <$750 (NOT EMP) PC31.16(c2),1,A,LARCENY/ THEFT OFFENSES,1
"THEFT ORG RETAIL > OR EQUAL $2,500 <$30K (EMP) PC31.16 (c4)",1,A,LARCENY/ THEFT OFFENSES,1
THEFT ORG RETAIL > OR EQUAL $300K (EMP) PC31.16 (c7),1,A,LARCENY/ THEFT OFFENSES,1
THEFT TAMPER MULTICHANNEL VIDEO REMUNERATION,1,A,LARCENY/ THEFT OFFENSES,1
THEFT TELECOM SER <$500,1,A,LARCENY/ THEFT OFFENSES,1
"THEFT TELECOM SER > OR EQUAL $500 BUT <$1,500",1,A,LARCENY/ THEFT OFFENSES,1
THREATENING PHONE CALLS,739,B,ALL OTHER OFFENSES,0
TRADEMARK COUNTERFEITING <$100,3,A,COUNTERFEITING / FORGERY,1
"TRADEMARK COUNTERFEITING > OR EQUAL TO $1,500 BUT < $20K",2,A,COUNTERFEITING / FORGERY,1
TRADEMARK COUNTERFEITING > OR EQUAL TO $100 < $750 PC32.23 (e2),2,A,COUNTERFEITING / FORGERY,1
"TRADEMARK COUNTERFEITING > OR EQUAL TO $2,500 < $30K PC32.23 (e4)",2,A,COUNTERFEITING / FORGERY,1
TRADEMARK COUNTERFEITING > OR EQUAL TO $20 BUT < $500,1,A,COUNTERFEITING / FORGERY,1
TRADEMARK COUNTERFEITING > OR EQUAL TO $750 < $2500 PC32.23 (e3),3,A,COUNTERFEITING / FORGERY,1
TRADEMARK COUNTERFEITING > OR EQUAL TO $750 BUT < $2500,2,A,COUNTERFEITING / FORGERY,1
TRAF VIO - DRIVER LICENSE/ID FALSE,8,A,FRAUD OFFENSES,1
TRAF VIO - DUTY ON STRIKE FIXTURE/HWY LANDSCAPE< $200,294,C,MISCELLANEOUS,0
TRAF VIO - DUTY ON STRIKE FIXTURE/HWY LANDSCAPE> OR EQUAL $200,2576,C,MISCELLANEOUS,0
TRAF VIO - DUTY ON STRIKE UNATTENDED (PARKED) VEHICLE >$200 DAMAGE,4153,C,MISCELLANEOUS,0
TRAF VIO - DUTY ON STRIKE UNATTENDED (PARKED) VEHICLE< $200 DAMAG,455,C,MISCELLANEOUS,0
TRAF VIO - DUTY ON STRIKING UNATTENDED VEH,319,C,MISCELLANEOUS,0
TRAF VIO - RACING ON HIGHWAY,15,C,MISCELLANEOUS,0
TRAF VIO - RACING ON HIGHWAY CAUSING BODILY INJURY,3,C,MISCELLANEOUS,0
TRAF VIO - RACING ON HIGHWAY CAUSING SERIOUS BODILY INJ,12,C,MISCELLANEOUS,0
TRAF VIO -DISOBEY WARN SIGN/BARRICADE OVER ROAD,2,C,MISCELLANEOUS,0
TRAF VIO -DISPLAY FICTITIOUS LICENSE PLATE,34,A,FRAUD OFFENSES,1
TRAF VIO -DISPLAY FICTITIOUS MOTOR VEH REGISTRATION,4,A,FRAUD OFFENSES,1
TRAF VIO -DRIV W/OUT LIC INV W/PREV CONV/SUSP/W/O FIN RES,553,C,MISCELLANEOUS,0
TRAF VIO -DRIVING W VIO  FIN RESP ACCIDENT SBI/DEATH,10,C,MISCELLANEOUS,0
TRAF VIO -DUTY ON STRIKE FIX/HWY LANDSCAPE <  $200,282,C,MISCELLANEOUS,0
TRAF VIO -DUTY ON STRIKE FIX/HWY LANDSCAPE > OR EQUAL $200 TC 550.025(b)2,2790,C,MISCELLANEOUS,0
TRAF VIO -DUTY ON STRIKE UNATTENDED VEH < $200,713,C,MISCELLANEOUS,0
TRAF VIO -DUTY ON STRIKE UNATTENDED VEH > OR EQUAL $200,6995,C,MISCELLANEOUS,0
TRAF VIO -FAIL TO COMPLY W/FINAN STATEMENT REQUIRES,16,B,ALL OTHER OFFENSES,0
TRAF VIO -KNOWINGLY ALTERED LICENSE PLATE,1,A,FRAUD OFFENSES,1
TRAF VIO -LICENSE CARRIED/EXHIBITED ON DEMAND 3RD,5,C,MISCELLANEOUS,0
TRAF VIO -MAKE/POSS CFT INSP RPT/INS DOC INTD HARM/DEFRAUD,1,A,COUNTERFEITING / FORGERY,1
TRAF VIO -MAKE/POSS COUNTERFEIT VEH INSP REPORT/INS DOC,8,A,COUNTERFEITING / FORGERY,1
TRAF VIO -OP OF MOTOR VEH REG SUSPENDED,11,C,MISCELLANEOUS,0
TRAF VIO -OPERATE MOTOR VEH W/O FIN RESP,232,C,MISCELLANEOUS,0
TRAF VIO -PASS EMERG VEH CAUSING BODILY INJURY,6,B,ALL OTHER OFFENSES,0
TRAF VIO -RACING ON HIGHWAY,74,C,MISCELLANEOUS,0
TRAF VIO -RACING ON HIGHWAY CAUSING BODILY INJURY,9,C,MISCELLANEOUS,0
TRAF VIO -RACING ON HIGHWAY CAUSING SERIOUS BODILY INJ,16,C,MISCELLANEOUS,0
TRAF VIO -RACING ON HIGHWAY WITH PREV CONV OR W/DWI,3,C,MISCELLANEOUS,0
TRAF VIO -RECKLESS DRIVING,268,C,MISCELLANEOUS,0
TRAF VIO -VEH INSPECTION RPT/INSURANCE DOC VIOLATION,4,B,ALL OTHER OFFENSES,0
TRAFFIC FATALITY- NOT DWI- UNINTENTIONAL (NO OFFENSE),632,B,ALL OTHER OFFENSES,0
TRAFFIC VIOLATION - HAZARDOUS,401,B,ALL OTHER OFFENSES,0
TRAFFIC VIOLATION - NON HAZARDOUS,1052,C,MISCELLANEOUS,0
TRAFFICKING OF PERSONS  BENEFIT,1,A,HUMAN TRAFFICKING,1
TRAFFICKING OF PERSONS (PROSTITUTION/FORCED LABOR) <18 FOR,1,A,HUMAN TRAFFICKING,1
TRAFFICKING OF PERSONS ENGAGE CONDUCT/SEXUAL,2,A,HUMAN TRAFFICKING,1
TRAFFICKING OF PERSONS ENGAGE CONDUCT/SEXUAL/BENEFIT,1,A,HUMAN TRAFFICKING,1
TRAFFICKING OF PERSONS PROHIBITED SEXUAL CONDUCT,1,A,HUMAN TRAFFICKING,1
TRAFFICKING OF PERSONS W/INTENT FORCED LABOR,2,A,HUMAN TRAFFICKING,1
"TRAFFICKING OF PERSONS, CONTINUOUS",3,A,HUMAN TRAFFICKING,1
UCR - ASSAULT (AGG) M/V,61,A,MOTOR VEHICLE THEFT,1
UCR - BMV-,7,A,MOTOR VEHICLE THEFT,1
UCR - BMV (NO CODE),289,A,MOTOR VEHICLE THEFT,1
UCR - BMV- STOLEN PROP/DAMAGE COLUMN/IGNITION - AUTO (UCR PURPOSES ONLY),787,A,MOTOR VEHICLE THEFT,1
UCR - BMV- STOLEN PROP/DAMAGE COLUMN/IGNITION -OTHER,2,A,MOTOR VEHICLE THEFT,1
UCR - BMV- STOLEN PROP/DAMAGE COLUMN/IGNITION -TRUCK,13,A,MOTOR VEHICLE THEFT,1
UCR - DEADLY CONDUCT,667,A,ASSAULT OFFENSES,1
UNAUTH OPERATION RECORDING DEVICE MOTION PICTURE THEATER,1,A,COUNTERFEITING / FORGERY,1
UNAUTHORIZED REPRODUCTION OF TEXAS TEMP TAG,2,A,FRAUD OFFENSES,1
UNAUTHORIZED USE OF MOTOR VEH - (ATT) AUTOMOBILE,5528,A,MOTOR VEHICLE THEFT,1
UNAUTHORIZED USE OF MOTOR VEH - (ATT) OTHER VEH,336,A,MOTOR VEHICLE THEFT,1
UNAUTHORIZED USE OF MOTOR VEH - (ATT) TRUCK OR BUS,3540,A,MOTOR VEHICLE THEFT,1
UNAUTHORIZED USE OF MOTOR VEH - AUTOMOBILE,74852,A,MOTOR VEHICLE THEFT,1
UNAUTHORIZED USE OF MOTOR VEH - OTHER VEH,4497,A,MOTOR VEHICLE THEFT,1
UNAUTHORIZED USE OF MOTOR VEH - PRELIMINARY INVEST,938,A,MOTOR VEHICLE THEFT,1
UNAUTHORIZED USE OF MOTOR VEH - TRUCK OR BUS,31938,A,MOTOR VEHICLE THEFT,1
UNAUTHORIZED USE OF MOTOR VEH -(TEST DRIVE,41,A,MOTOR VEHICLE THEFT,1
UNAUTHORIZED USE OF TEXAS TEMP TAG,2,B,ALL OTHER OFFENSES,0
UNEXPLAINED DEATH (NO OFFENSE),3420,B,ALL OTHER OFFENSES,0
UNL CARRY WEAPON KNIFE SCHOOL/EDU RELATED,1,A,WEAPON LAW VIOLATIONS,0
UNL INTER/USE/DISC WIRE/ORAL ELEC COMMUNICATE,10,A,FRAUD OFFENSES,1
UNLAWFUL CARRY HANDGUN LIC HOLDER,54,A,WEAPON LAW VIOLATIONS,0
UNLAWFUL CARRY HANDGUN LIC HOLDER ALCH PREM/CORR FAC,1,A,WEAPON LAW VIOLATIONS,0
UNLAWFUL CARRY WEAPON/WEAPONS FREE ZONE,22,A,WEAPON LAW VIOLATIONS,0
UNLAWFUL CARRY WEAPON/WEAPONS FREE ZONE IAT,19,A,WEAPON LAW VIOLATIONS,0
UNLAWFUL CARRYING WEAPON,1853,A,WEAPON LAW VIOLATIONS,0
UNLAWFUL CARRYING WEAPON ON ALCH PREMISES IAT WFZ,1,A,WEAPON LAW VIOLATIONS,0
UNLAWFUL CARRYING WEAPON ON ALCOHOL PREMISES,49,A,WEAPON LAW VIOLATIONS,0
UNLAWFUL CARRYING WEAPON PROHIBITED PLACES,103,A,WEAPON LAW VIOLATIONS,0
UNLAWFUL CARRYING WEAPON PROHIBITED PLACES IAT WFZ,2,A,WEAPON LAW VIOLATIONS,0
UNLAWFUL DISCLOSURE OR PROMOTION OF INTIMATE VISUAL MATERIAL,61,B,ALL OTHER OFFENSES,0
UNLAWFUL INSTALLATION OF TRACKING DEVICE,5,B,ALL OTHER OFFENSES,0
UNLAWFUL POSS FIREARM BY FELON,928,A,WEAPON LAW VIOLATIONS,0
UNLAWFUL POSS FIREARM BY FELON WEAPONS FREE ZONE,8,A,WEAPON LAW VIOLATIONS,0
UNLAWFUL POSS FIREARM BY FELON WEAPONS FREE ZONE IAT,6,A,WEAPON LAW VIOLATIONS,0
UNLAWFUL POSS FIREARM INVOLVING FAMILY/HOUSEHOLD,2,A,WEAPON LAW VIOLATIONS,0
UNLAWFUL POSS FIREARM INVOLVING FAMILY/HOUSEHOLD/CT ORDR,2,A,WEAPON LAW VIOLATIONS,0
UNLAWFUL POSS METAL OR BODY ARMOR BY FELON,9,C,MISCELLANEOUS,0
UNLAWFUL RESTRAINT,71,A,KIDNAPPING/ ABDUCTION,1
UNLAWFUL RESTRAINT:EXPOSE TO SBI,11,A,KIDNAPPING/ ABDUCTION,1
UNREGISTERED CLUB - PROHIBITED ACTIVITIES,4,C,MISCELLANEOUS,0
UNSOLICITED ELECTRONIC MAIL MESSAGES,1,B,ALL OTHER OFFENSES,0
URINATING OR DEFECATING IN PUBLIC,14,B,ALL OTHER OFFENSES,0
VIO BOND/PROTECTIVE ORDER,649,B,ALL OTHER OFFENSES,0
VIO BOND/PROTECTIVE ORDER 2+ PREV CONVICTIONS,14,B,ALL OTHER OFFENSES,0
VIO BOND/PROTECTIVE ORDER ASSAULT/STALKING,31,B,ALL OTHER OFFENSES,0
VIO PROTECT ORDER BIAS/PREJUD W/2+ PREV CONV.,1,B,ALL OTHER OFFENSES,0
VIO PROTECT ORDER BIAS/PREJUDICE,22,B,ALL OTHER OFFENSES,0
VIOL BOND/PROTECTIVE ORDER ASSAULT/STALK IAT,3,B,ALL OTHER OFFENSES,0
VOIDED OFFENSE,28,B,ALL OTHER OFFENSES,1